likelihood_peaks,unif_posterior_means,unif_posterior_sds,normal_means,normal_sds,normal_mixture_means,normal_mixture_sds,laplace_means,laplace_sds,cauchy_means,cauchy_sds
0,-3.62724309120969e-18,1,1.49039068834803e-18,0.707106781186548,9.60452650259843e-19,0.722467175205095,-1.98694432260506e-18,0.689103196202124,7.44417214892474e-20,0.72466218071663
0.0160320641282565,0.0160320641282565,1,0.00801603206412826,0.707106781186548,0.00836809844298108,0.722469918211776,0.00761315612195232,0.689119299716094,0.00841912102974521,0.724677494073231
0.032064128256513,0.0320641282565131,1,0.0160320641282565,0.707106781186548,0.0167363239833857,0.722478148742275,0.0152270238748263,0.689167606973565,0.0168389537064958,0.724723433177248
0.0480961923847695,0.0480961923847696,1,0.0240480961923848,0.707106781186547,0.0251048037915226,0.722491871328923,0.022842314844151,0.689248108121316,0.0252602097225839,0.724799995129837
0.064128256513026,0.0641282565130261,1,0.032064128256513,0.707106781186548,0.0334736651835232,0.722511093528804,0.0304597405245722,0.689360786737637,0.0336836008608973,0.724907175094643
0.0801603206412826,0.0801603206412826,1,0.0400801603206413,0.707106781186548,0.0418430356943844,0.72253582592856,0.0380800122741679,0.689505619832806,0.0421098390399136,0.725044966290365
0.0961923847695391,0.0961923847695391,1,0.0480961923847696,0.707106781186548,0.0502130431511683,0.722566082151116,0.0457038412684706,0.689682577849775,0.0505396363584414,0.725213359980372
0.112224448897796,0.112224448897796,1,0.0561122244488978,0.707106781186548,0.0585838157464132,0.722601878864334,0.053331938454101,0.689891624665039,0.0589737051399709,0.725412345459332
0.128256513026052,0.128256513026052,1,0.064128256513026,0.707106781186548,0.0669554821118066,0.722643235791594,0.0609650145019156,0.690132717589707,0.0674127579765359,0.725641910036898
0.144288577154309,0.144288577154309,1,0.0721442885771543,0.707106781186548,0.0753281713921744,0.722690175724307,0.068603779759571,0.690405807370777,0.0758575077719875,0.725902039018417
0.160320641282565,0.160320641282565,1,0.0801603206412825,0.707106781186548,0.0837020133198406,0.722742724536365,0.0762489442034101,0.690710838192607,0.0843086677845837,0.726192715682703
0.176352705410822,0.176352705410822,1,0.0881763527054108,0.707106781186548,0.0920771382894076,0.722800911200536,0.0839012173895738,0.691047747678595,0.0927669516687916,0.726513921256844
0.192384769539078,0.192384769539078,1,0.0961923847695391,0.707106781186548,0.100453677433015,0.722864767806803,0.0915613084042425,0.691416466893064,0.101233073516206,0.726865634888084
0.208416833667335,0.208416833667335,1,0.104208416833667,0.707106781186548,0.108831762696128,0.722934329582657,0.0992299258129133,0.691816920343367,0.109707747895484,0.727247833612752
0.224448897795591,0.224448897795591,1,0.112224448897796,0.707106781186548,0.11721152691391,0.72300963491535,0.106907777608619,0.692249025982202,0.118191689891189,0.727660492322283
0.240480961923848,0.240480961923848,1,0.120240480961924,0.707106781186548,0.125593103888237,0.723090725376118,0.114595571158997,0.692712695210159,0.126685615141454,0.728103583726305
0.256513026052104,0.256513026052104,1,0.128256513026052,0.707106781186548,0.133976628465406,0.723177645746377,0.122294013152109,0.693207832878492,0.135190239874349,0.728577078312827
0.272545090180361,0.272545090180361,1,0.13627254509018,0.707106781186548,0.14236223661459,0.723270444045899,0.130003809540933,0.693734337292131,0.143706280942859,0.72908094430553
0.288577154308617,0.288577154308617,1,0.144288577154309,0.707106781186548,0.15075006550711,0.723369171562989,0.13772566548642,0.694292100212942,0.15223445585837,0.729615147618172
0.304609218436874,0.304609218436874,1,0.152304609218437,0.707106781186548,0.159140253596558,0.723473882886653,0.145460285299043,0.694881006863245,0.160775482822543,0.730179651806119
0.32064128256513,0.32064128256513,1,0.160320641282565,0.707106781186548,0.167532940699853,0.723584635940785,0.153208372378735,0.695500935929593,0.169330080757495,0.730774418015029
0.336673346693387,0.336673346693387,1,0.168336673346693,0.707106781186548,0.175928268079263,0.723701492020367,0.160970629153136,0.696151759566837,0.177898969334162,0.731399404926689
0.352705410821643,0.352705410821643,1,0.176352705410822,0.707106781186548,0.184326378525475,0.723824515829704,0.168747757014066,0.696833343402483,0.186482868998738,0.732054568702029
0.3687374749499,0.3687374749499,1,0.18436873747495,0.707106781186548,0.192727416441758,0.723953775522699,0.176540456252132,0.697545546541357,0.195082500997099,0.73273986292134
0.384769539078156,0.384769539078156,1,0.192384769539078,0.707106781186547,0.201131527929276,0.72408934274518,0.184349425989386,0.698288221570595,0.203698587397077,0.733455238521701
0.400801603206413,0.400801603206413,1,0.200400801603206,0.707106781186547,0.20953886087363,0.724231292679283,0.192175364109962,0.699061214564974,0.212331851108497,0.734200643731651
0.416833667334669,0.416833667334669,1,0.208416833667335,0.707106781186547,0.217949565032664,0.724379704089911,0.200018967188597,0.699864365092615,0.220983015900854,0.734976024003122
0.432865731462926,0.432865731462926,1,0.216432865731463,0.707106781186548,0.226363792125621,0.724534659373282,0.207880930416974,0.700697506221062,0.229652806418514,0.735781321940663
0.448897795591182,0.448897795591182,1,0.224448897795591,0.707106781186548,0.234781695923701,0.724696244607557,0.215761947527794,0.701560464523779,0.238341948193345,0.736616477227985
0.464929859719439,0.464929859719439,1,0.232464929859719,0.707106781186548,0.243203432342081,0.724864549605581,0.223662710716516,0.702453060087077,0.247051167654634,0.737481426551844
0.480961923847695,0.480961923847695,1,0.240480961923848,0.707106781186548,0.251629159533471,0.725039667969736,0.231583910560685,0.703375106517514,0.255781192136208,0.738376103523315
0.496993987975952,0.496993987975952,1,0.248496993987976,0.707106781186548,0.260059037983263,0.725221697148917,0.23952623593678,0.704326410949786,0.264532749880611,0.739300438596474
0.513026052104208,0.513026052104208,1,0.256513026052104,0.707106781186548,0.268493230606352,0.725410738497637,0.247490373934518,0.705306774055144,0.273306570040246,0.740254358984529
0.529058116232465,0.529058116232465,1,0.264529058116233,0.707106781186548,0.276931902845677,0.725606897337279,0.255477009768532,0.706315990050384,0.282103382675347,0.741237788573454
0.545090180360721,0.545090180360721,1,0.272545090180361,0.707106781186548,0.285375222772571,0.72581028301949,0.263486826687389,0.707353846707432,0.290923918748666,0.74225064783314
0.561122244488978,0.561122244488978,1,0.280561122244489,0.707106781186548,0.293823361188974,0.726021008991745,0.271520505879858,0.708420125363581,0.299768910116756,0.743292853726136
0.577154308617234,0.577154308617234,1,0.288577154308617,0.707106781186548,0.302276491731592,0.726239192865056,0.279578726378389,0.709514600932412,0.308639089517732,0.74436431961401
0.593186372745491,0.593186372745491,1,0.296593186372746,0.707106781186548,0.310734790978058,0.726464956483866,0.287662164959742,0.710637041915444,0.317535190555376,0.745464955161389
0.609218436873747,0.609218436873747,1,0.304609218436874,0.707106781186548,0.319198438555191,0.726698425998103,0.295771496042716,0.711787210414581,0.32645794767948,0.746594666237734
0.625250501002004,0.625250501002004,1,0.312625250501002,0.707106781186548,0.327667617249397,0.72693973193742,0.303907391582927,0.712964862145379,0.33540809616229,0.747753354816894
0.64128256513026,0.64128256513026,1,0.32064128256513,0.707106781186548,0.336142513119318,0.727189009287609,0.312070520964594,0.71416974645122,0.344386372070926,0.74894091887452
0.657314629258517,0.657314629258517,1,0.328657314629259,0.707106781186548,0.344623315610781,0.727446397569186,0.320261550889287,0.715401606318422,0.353393512235669,0.750157252283387
0.673346693386773,0.673346693386773,1,0.336673346693387,0.707106781186548,0.353110217674134,0.727712040918163,0.328481145261608,0.716660178392369,0.362430254213969,0.751402244706705
0.68937875751503,0.68937875751503,1,0.344689378757515,0.707106781186548,0.361603415884053,0.727986088168981,0.336729965071757,0.71794519299471,0.371497336250062,0.752675781489479
0.705410821643287,0.705410821643286,1,0.352705410821643,0.707106781186548,0.370103110561888,0.728268692939618,0.345008668274965,0.719256374141702,0.380595497230066,0.753977743548004
0.721442885771543,0.721442885771543,1,0.360721442885772,0.707106781186548,0.378609505900636,0.728560013718846,0.353317909667763,0.720593439563768,0.389725476632423,0.755308007257573
0.7374749498998,0.737474949899799,1,0.3687374749499,0.707106781186548,0.387122810092625,0.728860213955641,0.361658340761071,0.721956100726334,0.398888014473574,0.756666444338483
0.753507014028056,0.753507014028056,1,0.376753507014028,0.707106781186548,0.395643235459983,0.729169462150721,0.370030609650075,0.723344062852037,0.408083851248732,0.758052921740426
0.769539078156313,0.769539078156313,1,0.384769539078156,0.707106781186548,0.404170998587987,0.729487931950207,0.378435360880898,0.724757024944367,0.417313727867619,0.759467301525364
0.785571142284569,0.785571142284569,1,0.392785571142285,0.707106781186548,0.412706320461374,0.729815802241373,0.386873235314046,0.726194679812834,0.426578385585062,0.760909440748981
0.801603206412826,0.801603206412826,1,0.400801603206413,0.707106781186548,0.421249426603697,0.730153257250471,0.395344869984627,0.72765671409975,0.435878565926305,0.762379191340825
0.817635270541082,0.817635270541082,1,0.408817635270541,0.707106781186548,0.429800547219818,0.730500486642604,0.403850897959347,0.729142808308693,0.445215010606914,0.76387639998324
0.833667334669339,0.833667334669339,1,0.416833667334669,0.707106781186548,0.43835991734163,0.730857685623614,0.412391948190292,0.730652636834777,0.454588461447167,0.765400907989204
0.849699398797595,0.849699398797595,1,0.424849699398798,0.707106781186548,0.446927776977088,0.731225055043939,0.420968645365506,0.732185867996783,0.46399966028078,0.7669525511792
0.865731462925852,0.865731462925852,1,0.432865731462926,0.707106781186548,0.455504371262657,0.731602801504418,0.429581609756377,0.733742164071281,0.47344934885788,0.768531159757239
0.881763527054108,0.881763527054108,1,0.440881763527054,0.707106781186547,0.464089950619256,0.731991137463986,0.438231457061873,0.735321181328816,0.482938268742072,0.770136558186159
0.897795591182365,0.897795591182365,1,0.448897795591182,0.707106781186548,0.47268477091179,0.732390281349202,0.446918798249636,0.736922570072273,0.492467161201507,0.771768565062359
0.913827655310621,0.913827655310621,1,0.456913827655311,0.707106781186547,0.481289093612381,0.732800457665574,0.455644239393989,0.738545974677514,0.502036767093831,0.773426992990085
0.929859719438878,0.929859719438878,1,0.464929859719439,0.707106781186548,0.48990318596738,0.733221897110591,0.464408381510877,0.740191033636398,0.511647826744884,0.77511164845543
0.945891783567134,0.945891783567134,1,0.472945891783567,0.707106781186548,0.498527321168257,0.733654836688419,0.473211820389816,0.741857379602287,0.521301079821069,0.776822331700205
0.961923847695391,0.961923847695391,1,0.480961923847695,0.707106781186548,0.507161778526474,0.734099519826166,0.482055146422882,0.743544639438147,0.53099726519525,0.778558836595831
0.977955911823647,0.977955911823647,1,0.488977955911824,0.707106781186547,0.515806843652433,0.734556196491633,0.49093894443081,0.745252434267346,0.540737120806099,0.780320950517433
0.993987975951904,0.993987975951904,1,0.496993987975952,0.707106781186548,0.524462808638604,0.735025123312476,0.499863793486275,0.746980379527273,0.550521383510784,0.782108454218295
1.01002004008016,1.01002004008016,1,0.50501002004008,0.707106781186547,0.533129972246922,0.735506563696658,0.508830266734426,0.748728085025869,0.560350788930893,0.783921121704873
1.02605210420842,1.02605210420842,1,0.513026052104208,0.707106781186548,0.54180864010057,0.736000787954092,0.517838931210747,0.750495155001207,0.570226071291513,0.785758720112529
1.04208416833667,1.04208416833667,1,0.521042084168337,0.707106781186548,0.550499124880224,0.736508073419356,0.526890347656351,0.752281188184206,0.580147963253366,0.787621009582208
1.05811623246493,1.05811623246493,1,0.529058116232465,0.707106781186547,0.559201746524898,0.737028704575355,0.535985070330789,0.754085777864609,0.590117195737926,0.789507743138235
1.07414829659319,1.07414829659319,1,0.537074148296593,0.707106781186548,0.567916832437443,0.737562973177781,0.545123646822479,0.755908511960333,0.600134497745435,0.791418666567448
1.09018036072144,1.09018036072144,1,0.545090180360721,0.707106781186547,0.576644717694847,0.738111178380233,0.554306617856875,0.757748973090299,0.610200596165745,0.79335351829988
1.1062124248497,1.1062124248497,1,0.55310621242485,0.707106781186547,0.585385745263402,0.738673626859823,0.56353451710248,0.75960673865085,0.620316215581924,0.795312029291203
1.12224448897796,1.12224448897796,1,0.561122244488978,0.707106781186548,0.594140266218861,0.739250632943112,0.572807870974839,0.761481380895881,0.630482078066566,0.797293922907176
1.13827655310621,1.13827655310621,1,0.569138276553106,0.707106781186548,0.602908639971671,0.739842518732169,0.582127198438647,0.763372467020772,0.640698902970744,0.799298914810308
1.15430861723447,1.15430861723447,1,0.577154308617234,0.707106781186548,0.611691234497397,0.740449614230568,0.591493010808099,0.765279559250238,0.650967406705578,0.801326712848994
1.17034068136273,1.17034068136273,1,0.585170340681363,0.707106781186548,0.620488426572415,0.741072257469107,0.600905811545645,0.767202214930201,0.661288302516362,0.80337701694936
1.18637274549098,1.18637274549098,1,0.593186372745491,0.707106781186548,0.62930060201499,0.741710794631006,0.610366096059298,0.76913998662379,0.671662300249237,0.80544951901007
1.20240480961924,1.20240480961924,1,0.601202404809619,0.707106781186548,0.638128155931825,0.742365580176367,0.61987435149866,0.771092422211552,0.682090106110381,0.807543902800358
1.21843687374749,1.21843687374749,1,0.609218436873747,0.707106781186548,0.646971492970184,0.7430369769656,0.629431056549845,0.773059064995992,0.692572422417709,0.809659843861546
1.23446893787575,1.23446893787575,1,0.617234468937876,0.707106781186548,0.655831027575669,0.743725356381571,0.639036681229458,0.775039453810515,0.703109947345083,0.811797009412311
1.25050100200401,1.25050100200401,1,0.625250501002004,0.707106781186548,0.664707184255749,0.744431098450153,0.648691686677841,0.777033123132875,0.713703374659041,0.813955058257995
1.26653306613226,1.26653306613226,1,0.633266533066132,0.707106781186548,0.673600397849136,0.745154591958872,0.658396524951763,0.779039603203196,0.724353393448068,0.816133640704217
1.28256513026052,1.28256513026052,1,0.64128256513026,0.707106781186548,0.682511113801073,0.745896234573324,0.668151638816763,0.781058420146669,0.735060687844429,0.818332398475093
1.29859719438878,1.29859719438878,1,0.649298597194389,0.707106781186548,0.691439788444638,0.746656432950992,0.677957461539344,0.783089096100973,0.745825936738634,0.820550964636343
1.31462925851703,1.31462925851703,1,0.657314629258517,0.707106781186548,0.700386889288118,0.747435602852101,0.687814416679256,0.785131149348507,0.756649813486563,0.82278896352358
1.33066132264529,1.33066132264529,1,0.665330661322645,0.707106781186548,0.709352895308551,0.748234169247115,0.697722917882064,0.787184094453494,0.767532985609332,0.825046010676096
1.34669338677355,1.34669338677355,1,0.673346693386773,0.707106781186548,0.718338297251483,0.749052566420441,0.707683368672247,0.789247442404001,0.778476114485994,0.82732171277643
1.3627254509018,1.3627254509018,1,0.681362725450902,0.707106781186548,0.727343597937013,0.749891238069923,0.717696162247064,0.791320700758939,0.789479855039146,0.829615667596033
1.37875751503006,1.37875751503006,1,0.68937875751503,0.707106781186548,0.736369312572187,0.750750637401631,0.727761681271417,0.793403373800083,0.800544855413577,0.83192746394735
1.39478957915832,1.39478957915832,1,0.697394789579158,0.707106781186548,0.745415969069777,0.751631227219477,0.737880297673981,0.795494962689138,0.811671756648065,0.834256681642617
1.41082164328657,1.41082164328657,1,0.705410821643286,0.707106781186548,0.754484108373512,0.752533480009123,0.748052372444835,0.797594965629889,0.822861192340479,0.836602891459692
1.42685370741483,1.42685370741483,1,0.713426853707415,0.707106781186548,0.763574284789771,0.753457878015649,0.758278255434864,0.799702878035446,0.83411378830633,0.838965655115247
1.44288577154309,1.44288577154309,1,0.721442885771543,0.707106781186548,0.772687066325787,0.754404913314395,0.768558285157204,0.801818192700609,0.845430162230947,0.841344525245624
1.45891783567134,1.45891783567134,1,0.729458917835671,0.707106781186548,0.781823035034365,0.755375087874395,0.778892788590987,0.803940399979324,0.856810923315473,0.84373904539568
1.4749498997996,1.4749498997996,1,0.7374749498998,0.707106781186548,0.790982787365137,0.756368913613748,0.789282080987678,0.806068987967263,0.868256671916887,0.846148750015945
1.49098196392786,1.49098196392786,1,0.745490981963928,0.707106781186548,0.800166934522338,0.757386912446295,0.799726465680265,0.808203442689474,0.879767999182262,0.848573164468395
1.50701402805611,1.50701402805611,1,0.753507014028056,0.707106781186548,0.809376102829094,0.758429616318888,0.810226233895609,0.810343248293092,0.891345486677526,0.851011805041162
1.52304609218437,1.52304609218437,1,0.761523046092184,0.707106781186548,0.818610934098203,0.759497567238548,0.820781664570222,0.812487887245075,0.902989706010964,0.853464178972505
1.53907815631263,1.53907815631263,1,0.769539078156313,0.707106781186548,0.827872086009351,0.760591317288738,0.831393024169775,0.814636840534896,0.914701218451748,0.855929784484324
1.55511022044088,1.55511022044088,1,0.777555110220441,0.707106781186548,0.837160232492729,0.761711428633994,0.842060566512627,0.816789587882163,0.926480574543796,0.858408110825557
1.57114228456914,1.57114228456914,1,0.785571142284569,0.707106781186548,0.84647606411896,0.762858473512062,0.852784532597671,0.818945607949061,0.938328313715273,0.860898638325728
1.58717434869739,1.58717434869739,1,0.793587174348697,0.707106781186548,0.855820288495261,0.764033034212722,0.863565150436786,0.821104378557562,0.950244963884069,0.863400838458959
1.60320641282565,1.60320641282565,1,0.801603206412826,0.707106781186548,0.865193630667727,0.765235703042384,0.874402634892219,0.823265376911295,0.96223104105961,0.865914173918736
1.61923847695391,1.61923847695391,1,0.809619238476954,0.707106781186548,0.874596833529614,0.76646708227356,0.885297187519157,0.825428079821967,0.974287048941378,0.868438098703692
1.63527054108216,1.63527054108216,1,0.817635270541082,0.707106781186548,0.884030658235469,0.767727784078238,0.896248996413829,0.827591963940233,0.986413478514535,0.870972058214701
1.65130260521042,1.65130260521042,1,0.82565130260521,0.707106781186548,0.893495884620942,0.769018430444183,0.907258236067406,0.829756505990859,0.998610807643065,0.873515489363529
1.66733466933868,1.66733466933868,1,0.833667334669339,0.707106781186548,0.902993311628084,0.770339653073139,0.918325067226014,0.831921183012071,1.01087950066086,0.876067820693298
1.68336673346693,1.68336673346693,1,0.841683366733467,0.707106781186548,0.912523757735914,0.771692093259862,0.929449636757149,0.834085472598893,1.02322000796124,0.878628472511007
1.69939879759519,1.69939879759519,1,0.849699398797595,0.707106781186548,0.922088061395993,0.773076401750911,0.940632077522786,0.836248853150343,1.03563276558529,0.881196857032333
1.71543086172345,1.71543086172345,1,0.857715430861723,0.707106781186548,0.931687081472755,0.774493238582058,0.95187250825948,0.83841080412029,1.04811819480965,0.88377237853893
1.7314629258517,1.7314629258517,1,0.865731462925852,0.707106781186548,0.941321697688269,0.775943272893154,0.963171033465737,0.840570806271776,1.06067670173409,0.886354433548418
1.74749498997996,1.74749498997996,1,0.87374749498998,0.707106781186547,0.950992811071088,0.777427182719275,0.974527743296942,0.842728341934614,1.07330867686963,0.888942410997252
1.76352705410822,1.76352705410822,1,0.881763527054108,0.707106781186547,0.96070134440883,0.778945654756907,0.985942713468119,0.844882895266026,1.08601449472748,0.89153569243663
1.77955911823647,1.77955911823647,1,0.889779559118236,0.707106781186547,0.970448242704058,0.780499384103918,0.9974160051648,0.84703395251411,1.09879451340959,0.894133652241597
1.79559118236473,1.79559118236473,1,0.897795591182365,0.707106781186547,0.98023447363302,0.782089073972041,1.00894766496226,0.849181002283879,1.11164907420131,0.896735657833465
1.81162324649299,1.81162324649299,1,0.905811623246493,0.707106781186547,0.99006102800675,0.783715435370536,1.02053772475336,0.851323535805633,1.12457850116675,0.899341069915653
1.82765531062124,1.82765531062124,1,0.913827655310621,0.707106781186547,0.999928920233997,0.785379186759712,1.03218620168534,0.853461047205387,1.13758310074746,0.901949242723055
1.8436873747495,1.8436873747495,1,0.92184368737475,0.707106781186548,1.00983918878539,0.78708105367292,1.04389309810559,0.85559303377709,1.1506631613651,0.904559524284966
1.85971943887776,1.85971943887776,1,0.929859719438878,0.707106781186547,1.01979289665824,0.788821768305646,1.05565840151695,0.857718996256333,1.16381895302873,0.907171256701644
1.87575150300601,1.87575150300601,1,0.937875751503006,0.707106781186547,1.0297911318412,0.790602069070276,1.06748208454242,0.859838439095272,1.17705072694729,0.909783776434486
1.89178356713427,1.89178356713427,1,0.945891783567134,0.707106781186547,1.03983500777821,0.792422700115122,1.07936410489977,0.86195087073843,1.19035871514819,0.912396414609837
1.90781563126252,1.90781563126252,1,0.953907815631262,0.707106781186547,1.04992566383075,0.794284410806255,1.09130440538605,0.864055803899084,1.20374313010235,0.915008497336385
1.92384769539078,1.92384769539078,1,0.961923847695391,0.707106781186548,1.0600642657377,0.796187955170679,1.10330291387235,0.866152755835893,1.2172041643567,0.917619346036062
1.93987975951904,1.93987975951904,1,0.969939879759519,0.707106781186547,1.07025200607174,0.798134091299405,1.11535954330883,0.868241248629445,1.23074199017469,0.920228277788389
1.95591182364729,1.95591182364729,1,0.977955911823647,0.707106781186548,1.08049010469145,0.800123580708925,1.1274741917403,0.870320809458362,1.24435675918551,0.922834605688105
1.97194388777555,1.97194388777555,1,0.985971943887776,0.707106781186548,1.09077980918798,0.802157187659634,1.13964674233248,0.87239097087463,1.25804860204279,0.925437639215962
1.98797595190381,1.98797595190381,1,0.993987975951904,0.707106781186548,1.10112239532515,0.804235678429719,1.15187706340902,0.87445127107778,1.27181762809359,0.928036684622472
2.00400801603206,2.00400801603206,1,1.00200400801603,0.707106781186547,1.11151916747184,0.80635982054306,1.16416500849938,0.876501254187561,1.28566392505815,0.930631045324408
2.02004008016032,2.02004008016032,1,1.01002004008016,0.707106781186548,1.12197145902531,0.808530381949688,1.17651041639784,0.878540470514732,1.29958755872146,0.933220022313799
2.03607214428858,2.03607214428858,1,1.01803607214429,0.707106781186547,1.13248063282421,0.810748130157368,1.18891311123352,0.8805684768296,1.31358857263715,0.935802914579149
2.05210420841683,2.05210420841683,1,1.02605210420842,0.707106781186548,1.14304808154964,0.813013831312912,1.20137290255158,0.882584836627914,1.32766698784447,0.938379019538549
2.06813627254509,2.06813627254509,1,1.03406813627255,0.707106781186548,1.153675228113,0.815328249231817,1.21388958540565,0.884589120393749,1.3418228025992,0.940947633484346
2.08416833667335,2.08416833667335,1,1.04208416833667,0.707106781186548,1.16436352602867,0.817692144374925,1.22646294046156,0.886580905858971,1.35605599211911,0.943508052038981
2.1002004008016,2.1002004008016,1,1.0501002004008,0.707106781186548,1.17511445977013,0.82010627277077,1.23909273411223,0.888559778258913,1.37036650834467,0.94605957062157
2.11623246492986,2.11623246492986,1,1.05811623246493,0.707106781186547,1.18592954510744,0.822571384882391,1.251778718604,0.890525330583866,1.38475427971582,0.948601484924792
2.13226452905812,2.13226452905812,1,1.06613226452906,0.707106781186547,1.19681032942428,0.825088224417408,1.26452063217404,0.892477163825993,1.39921921096541,0.951133091401582
2.14829659318637,2.14829659318637,1,1.07414829659319,0.707106781186548,1.20775839201253,0.827657527080246,1.27731819919908,0.894414887221285,1.41376118293001,0.953653687761117
2.16432865731463,2.16432865731463,1,1.08216432865731,0.707106781186547,1.21877534434221,0.830280019265454,1.2901711303553,0.896338118486166,1.42838005237884,0.956162573473531
2.18036072144289,2.18036072144289,1,1.09018036072144,0.707106781186547,1.22986283030453,0.83295641669116,1.30307912278922,0.898246484048367,1.44307565186132,0.958659050282783
2.19639278557114,2.19639278557114,1,1.09819639278557,0.707106781186548,1.24102252642578,0.835687422971786,1.31604186029968,0.900139619271694,1.45784778957402,0.961142422727041
2.2124248496994,2.2124248496994,1,1.1062124248497,0.707106781186548,1.25225614204937,0.838473728129262,1.32905901353062,0.902017168674301,1.47269624924754,0.963611998665938
2.22845691382766,2.22845691382765,1,1.11422845691383,0.707106781186548,1.26356541948378,0.841316007042078,1.3421302401746,0.90387878614012,1.48762079005394,0.966067089814003
2.24448897795591,2.24448897795591,1,1.12224448897796,0.707106781186547,1.27495213411333,0.84421491783164,1.35525518518693,0.905724135123066,1.50262114653531,0.968507012279562
2.26052104208417,2.26052104208417,1,1.13026052104208,0.707106781186547,1.28641809446917,0.847171100185539,1.3684334810102,0.907552888843674,1.51769702855392,0.970931087108348
2.27655310621242,2.27655310621242,1,1.13827655310621,0.707106781186548,1.29796514225747,0.850185173617477,1.381664747809,0.909364730477822,1.53284812126456,0.973338640831046
2.29258517034068,2.29258517034068,1,1.14629258517034,0.707106781186548,1.30959515234175,0.853257735663751,1.3949485937147,0.911159353337195,1.54807408510953,0.975729006013977
2.30861723446894,2.30861723446894,1,1.15430861723447,0.707106781186547,1.32131003267603,0.856389360016369,1.40828461507993,0.912936461041177,1.56337455583665,0.978101521812077
2.32464929859719,2.32464929859719,1,1.1623246492986,0.707106781186547,1.33311172418566,0.859580594593058,1.42167239674263,0.914695767679844,1.5787491445408,0.980455534523319
2.34068136272545,2.34068136272545,1,1.17034068136273,0.707106781186548,1.34500220059221,0.862831959544599,1.43511151229939,0.916436997967774,1.59419743772925,0.982790398143707
2.35671342685371,2.35671342685371,1,1.17835671342685,0.707106781186548,1.35698346817893,0.866143945200154,1.4486015243877,0.91815988738836,1.60971899741118,0.985105474921928
2.37274549098196,2.37274549098196,1,1.18637274549098,0.707106781186548,1.36905756549302,0.869517009951451,1.46214198497691,0.919864182328381,1.62531336121171,0.987400135912749
2.38877755511022,2.38877755511022,1,1.19438877755511,0.707106781186547,1.38122656298098,0.872951578076938,1.47573243566755,0.921549640202549,1.64098004251053,0.989673761528223
2.40480961923848,2.40480961923848,1,1.20240480961924,0.707106781186548,1.39349256255303,0.876448037507246,1.48937240799868,0.923216029567807,1.65671853060556,0.991925742085745
2.42084168336673,2.42084168336673,1,1.21042084168337,0.707106781186547,1.40585769707254,0.880006737533597,1.50306142376287,0.924863130227132,1.67252829090157,0.994155478352001
2.43687374749499,2.43687374749499,1,1.21843687374749,0.707106781186548,1.41832412976646,0.883627986461015,1.51679899532857,0.926490733322655,1.68840876512401,0.996362382081817
2.45290581162325,2.45290581162325,1,1.22645290581162,0.707106781186547,1.43089405355232,0.887312049208534,1.53058462596932,0.928098641417893,1.70435937155808,0.998545876550944
2.4689378757515,2.4689378757515,1,1.23446893787575,0.707106781186548,1.4435696902776,0.891059144858874,1.54441781019958,0.929686668568923,1.72037950531296,1.00070539708177
2.48496993987976,2.48496993987976,1,1.24248496993988,0.707106781186547,1.456353289867,0.894869444160376,1.55829803411665,0.931254640384355,1.73646853861132,1.00284039156097
2.50100200400802,2.50100200400802,1,1.25050100200401,0.707106781186548,1.46924712937311,0.898743066984313,1.57222477574836,0.932802394073955,1.75262582110387,1.00495032094811
2.51703406813627,2.51703406813627,1,1.25851703406814,0.707106781186548,1.48225351192594,0.902680079741063,1.58619750540597,0.934329778485816,1.76885068020888,1.0070346597742
2.53306613226453,2.53306613226453,1,1.26653306613226,0.707106781186548,1.49537476557671,0.906680492758935,1.60021568604207,0.935836654131987,1.78514242147642,1.00909289662922
2.54909819639279,2.54909819639279,1,1.27454909819639,0.707106781186548,1.50861324203127,0.910744257629881,1.61427877361273,0.937322893202481,1.80150032897714,1.0111245346376
2.56513026052104,2.56513026052104,1,1.28256513026052,0.707106781186548,1.5219713152685,0.914871264526637,1.62838621744376,0.93878837956762,1.81792366571517,1.01312909192078
2.5811623246493,2.5811623246493,1,1.29058116232465,0.707106781186548,1.53545138003902,0.919061339496291,1.64253746060039,0.940233008768686,1.83441167406497,1.01510610204578
2.59719438877756,2.59719438877756,1,1.29859719438878,0.707106781186548,1.54905585023956,0.923314241735653,1.65673194026001,0.941656687996871,1.85096357623144,1.01705511445893
2.61322645290581,2.61322645290581,1,1.30661322645291,0.707106781186548,1.56278715715852,0.92762966085422,1.67096908808747,0.943059336060551,1.86757857473313,1.01897569490376
2.62925851703407,2.62925851703407,1,1.31462925851703,0.707106781186548,1.576647747588,0.932007214130989,1.6852483306125,0.944440883340911,1.88425585290774,1.02086742582233
2.64529058116232,2.64529058116232,1,1.32264529058116,0.707106781186548,1.59064008179807,0.936446443771765,1.6995690896087,0.945801271735995,1.90099457543961,1.02272990673882
2.66132264529058,2.66132264529058,1,1.33066132264529,0.707106781186548,1.60476663136876,0.940946814174098,1.71393078247372,0.947140454593251,1.91779388890836,1.02456275462492
2.67735470941884,2.67735470941884,1,1.33867735470942,0.707106781186548,1.61902987687581,0.945507709207411,1.72833282261003,0.948458396630685,1.93465292235814,1.02636560424585
2.69338677354709,2.69338677354709,1,1.34669338677355,0.707106781186548,1.63343230542604,0.950128429516371,1.74277461980593,0.949755073846751,1.95157078788668,1.02813810848651
2.70941883767535,2.70941883767535,1,1.35470941883767,0.707106781186547,1.64797640803854,0.954808189855964,1.75725558061624,0.951030473419119,1.9685465812535,1.02987993865686
2.72545090180361,2.72545090180361,1,1.3627254509018,0.707106781186548,1.66266467686835,0.95954611646728,1.77177510874217,0.952284593592499,1.98557938250628,1.03159078477592
2.74148296593186,2.74148296593186,1,1.37074148296593,0.707106781186547,1.67749960226911,0.964341244503399,1.78633260540999,0.953517443555703,2.00266825662473,1.03327035583363
2.75751503006012,2.75751503006012,1,1.37875751503006,0.707106781186548,1.69248366969201,0.969192515515295,1.80092746974798,0.954729043308164,2.01981225418091,1.0349183800301
2.77354709418838,2.77354709418838,1,1.38677354709419,0.707106781186548,1.7076193564183,0.974098775008098,1.81555909916119,0.955919423516135,2.03701041201517,1.03653460499154
2.78957915831663,2.78957915831663,1,1.39478957915832,0.707106781186547,1.72290912812334,0.97905877007852,1.83022688970355,0.957088625358829,2.05426175392659,1.03811879796245
2.80561122244489,2.80561122244489,1,1.40280561122244,0.707106781186548,1.7383554352705,0.984071147144692,1.84493023644691,0.958236700364752,2.07156529137713,1.03967074597354
2.82164328657315,2.82164328657315,1,1.41082164328657,0.707106781186547,1.75396070933361,0.98913444978008,1.85966853384661,0.959363710238536,2.08892002420821,1.04119025598501
2.8376753507014,2.8376753507014,1,1.4188376753507,0.707106781186548,1.76972735884753,0.994247116663569,1.87444117610299,0.960469726678561,2.10632494136879,1.04267715500482
2.85370741482966,2.85370741482966,1,1.42685370741483,0.707106781186548,1.78565776528667,0.999407479658176,1.88924755751867,0.961554831185688,2.12377902165381,1.04413129018156
2.86973947895792,2.86973947895792,1,1.43486973947896,0.707106781186548,1.80175427877217,1.00461376203125,1.90408707285092,0.962619114863452,2.14128123445184,1.04555252887187
2.88577154308617,2.88577154308617,1,1.44288577154309,0.707106781186548,1.81801921360902,1.00986407682929,1.91895911765895,0.963662678210046,2.15883054050086,1.04694075868191
2.90180360721443,2.90180360721443,1,1.45090180360721,0.707106781186548,1.83445484365531,1.01515642542093,1.9338630886456,0.964685630902481,2.1764258926509,1.04829588748311
2.91783567134269,2.91783567134269,1,1.45891783567134,0.707106781186548,1.85106339752646,1.02048869622173,1.94879838399312,0.965688091573285,2.19406623663244,1.04961784340181
2.93386773547094,2.93386773547094,1,1.46693386773547,0.707106781186548,1.86784705363818,1.02585866361479,1.96376440369269,0.966670187580135,2.21175051182935,1.05090657478294
2.9498997995992,2.9498997995992,1,1.4749498997996,0.707106781186547,1.88480793509291,1.03126398708137,1.97876054986726,0.967632054768831,2.2294776520552,1.05216205012779
2.96593186372745,2.96593186372745,1,1.48296593186373,0.707106781186547,1.90194810441537,1.03670221055557,1.9937862270875,0.968573837230008,2.2472465863316,1.05338425800585
2.98196392785571,2.98196392785571,1,1.49098196392786,0.707106781186548,1.91926955814385,1.04217076201763,2.00884084268047,0.969495687050019,2.26505623966758,1.05457320694108
2.99799599198397,2.99799599198397,1,1.49899799599198,0.707106781186548,1.93677422128501,1.04766695333991,2.02392380703077,0.970397764056403,2.28290553383861,1.05572892527262
3.01402805611222,3.01402805611222,1,1.50701402805611,0.707106781186548,1.95446394164099,1.05318798039996,2.03903453387381,0.971280235558385,2.30079338816413,1.05685146099038
3.03006012024048,3.03006012024048,1,1.51503006012024,0.707106781186548,1.97234048401872,1.05873092347453,2.05417244058105,0.97214327608284,2.3187187202824,1.05794088154583
3.04609218436874,3.04609218436874,1,1.52304609218437,0.707106781186548,1.9904055243327,1.06429274792862,2.06933694843694,0.972987067106163,2.33668044692147,1.0589972736383
3.06212424849699,3.06212424849699,1,1.5310621242485,0.707106781186547,2.0086606436135,1.06987030521274,2.08452748290719,0.973811796782497,2.35467748466508,1.06002074297733
3.07815631262525,3.07815631262525,1,1.53907815631263,0.707106781186547,2.02710732193548,1.07546033418177,2.09974347389849,0.974617659668767,2.37270875071236,1.0610114140216
3.09418837675351,3.09418837675351,1,1.54709418837675,0.707106781186548,2.0457469322787,1.08105946274776,2.11498435600909,0.975404856446966,2.3907731636302,1.06196942969486
3.11022044088176,3.11022044088176,1,1.55511022044088,0.707106781186548,2.06458073434096,1.08666420987876,2.13024956877044,0.976173593644149,2.40886964409713,1.0628949510797
3.12625250501002,3.12625250501002,1,1.56312625250501,0.707106781186548,2.08360986831728,1.09227098795478,2.14553855687947,0.976924083350582,2.42699711563768,1.06378815708959
3.14228456913828,3.14228456913828,1,1.57114228456914,0.707106781186548,2.10283534866553,1.09787610549132,2.16085077042154,0.977656542936492,2.44515450534615,1.06464924412008
3.15831663326653,3.15831663326653,1,1.57915831663327,0.707106781186548,2.12225805787787,1.10347577023997,2.1761856650839,0.978371194767855,2.46334074459872,1.06547842567979
3.17434869739479,3.17434869739479,1,1.58717434869739,0.707106781186548,2.14187874027909,1.10906609267419,2.19154270235952,0.979068265921684,2.48155476975293,1.06627593200212
3.19038076152305,3.19038076152305,1,1.59519038076152,0.707106781186548,2.16169799587403,1.11464308986779,2.20692134974129,0.979747987901218,2.49979552283364,1.06704200963834
3.2064128256513,3.2064128256513,1,1.60320641282565,0.707106781186547,2.18171627426749,1.12020268977158,2.22232108090651,0.980410596351469,2.51806195220446,1.06777692103313
3.22244488977956,3.22244488977956,1,1.61122244488978,0.707106781186548,2.20193386868083,1.12574073589291,2.23774137589157,0.981056330775528,2.53635301322377,1.06848094408333
3.23847695390782,3.23847695390782,1,1.61923847695391,0.707106781186547,2.22235091009086,1.13125299238078,2.25318172125691,0.981685434252057,2.55466766888462,1.06915437168093
3.25450901803607,3.25450901803607,1,1.62725450901804,0.707106781186548,2.24296736151716,1.13673514951786,2.26864161024211,0.982298153154355,2.57300489043753,1.06979751124122
3.27054108216433,3.27054108216433,1,1.63527054108216,0.707106781186548,2.26378301248503,1.1421828296187,2.28412054291132,0.982894736871406,2.59136365799565,1.07041068421712
3.28657314629258,3.28657314629258,1,1.64328657314629,0.707106781186548,2.28479747369187,1.14759159333175,2.29961802628884,0.983475437531283,2.60974296112137,1.0709942256007
3.30260521042084,3.30260521042084,1,1.65130260521042,0.707106781186548,2.30601017190529,1.15295694634071,2.31513357448504,0.984040509727281,2.62814179939393,1.07154848341294
3.3186372745491,3.3186372745491,1,1.65931863727455,0.707106781186548,2.32742034512198,1.1582743464586,2.33066670881264,0.984590210247143,2.64655918295728,1.07207381818275
3.33466933867735,3.33466933867735,1,1.66733466933868,0.707106781186548,2.34902703801622,1.16353921110589,2.34621695789346,0.985124797805718,2.66499413304775,1.07257060241634
3.35070140280561,3.35070140280561,1,1.67535070140281,0.707106781186548,2.37082909770749,1.16874692516164,2.3617838577556,0.985644532781395,2.6834456825009,1.07303922005803
3.36673346693387,3.36673346693387,1,1.68336673346693,0.707106781186548,2.39282516987626,1.17389284917442,2.37736695192134,0.986149676956615,2.70191287623725,1.07348006594355
3.38276553106212,3.38276553106212,1,1.69138276553106,0.707106781186547,2.41501369525701,1.17897232791725,2.39296579148577,0.986640493262793,2.7203947717264,1.07389354524691
3.39879759519038,3.39879759519038,1,1.69939879759519,0.707106781186548,2.43739290653702,1.18398069926859,2.40857993518628,0.98711724552991,2.73889043942922,1.07428007292195
3.41482965931864,3.41482965931864,1,1.70741482965932,0.707106781186548,2.45996082568882,1.18891330339885,2.42420894946304,0.987580198241078,2.75739896321779,1.07464007313966
3.43086172344689,3.43086172344689,1,1.71543086172345,0.707106781186547,2.4827152617635,1.19376549223953,2.43985240851076,0.988029616292313,2.77591944077293,1.07497397872228
3.44689378757515,3.44689378757515,1,1.72344689378757,0.707106781186547,2.50565380917081,1.19853263920963,2.45550989432169,0.988465764757785,2.79445098395901,1.07528223057533
3.46292585170341,3.46292585170341,1,1.7314629258517,0.707106781186547,2.52877384647088,1.20321014917176,2.47118099672019,0.988888908660743,2.81299271917601,1.07556527711855
3.47895791583166,3.47895791583166,1,1.73947895791583,0.707106781186548,2.55207253570093,1.20779346858792,2.48686531338898,0.989299312750363,2.83154378768868,1.07582357371682
3.49498997995992,3.49498997995992,1,1.74749498997996,0.707106781186548,2.57554682225831,1.21227809584275,2.50256244988732,0.989697241284677,2.85010334593277,1.07605758211211
3.51102204408818,3.51102204408818,1,1.75551102204409,0.707106781186548,2.5991934353598,1.2166595916999,2.51827201966127,0.990082957819787,2.86867056579831,1.07626776985738
3.52705410821643,3.52705410821643,1,1.76352705410822,0.707106781186548,2.62300888909441,1.22093358985528,2.53399364404627,0.99045672500552,2.88724463489012,1.07645460975345
3.54308617234469,3.54308617234469,1,1.77154308617234,0.707106781186548,2.64698948408498,1.22509580754898,2.54972695226226,0.990818804387664,2.90582475676542,1.07661857928986
3.55911823647295,3.55911823647295,1,1.77955911823647,0.707106781186548,2.67113130977109,1.22914205619598,2.56547158140155,0.991169456216921,2.92441015114893,1.07676016009049
3.5751503006012,3.5751503006012,1,1.7875751503006,0.707106781186547,2.69543024732312,1.23306825199434,2.58122717640965,0.991508939264684,2.94300005412546,1.07687983736497
3.59118236472946,3.59118236472946,1,1.79559118236473,0.707106781186547,2.71988197319446,1.23687042646831,2.59699339005941,0.991837510645743,2.96159371831034,1.07697809936667
3.60721442885772,3.60721442885772,1,1.80360721442886,0.707106781186548,2.74448196331562,1.24054473690253,2.61276988291849,0.992155425647995,2.98019041299792,1.07705543685814
3.62324649298597,3.62324649298597,1,1.81162324649299,0.707106781186547,2.76922549793107,1.24408747662312,2.62855632331067,0.992462937569221,2.99878942428832,1.07711234258476
3.63927855711423,3.63927855711423,1,1.81963927855711,0.707106781186548,2.79410766707598,1.24749508508032,2.64435238727099,0.992760297560987,3.01739005519308,1.07714931075736
3.65531062124248,3.65531062124248,1,1.82765531062124,0.707106781186548,2.81912337668697,1.25076415768785,2.66015775849518,0.993047754479701,3.03599162571971,1.07716683654457
3.67134268537074,3.67134268537074,1,1.83567134268537,0.707106781186548,2.8442673553372,1.25389145537338,2.6759721282835,0.99332555474484,3.05459347293583,1.07716541557556
3.687374749499,3.687374749499,1,1.8436873747495,0.707106781186548,2.86953416158288,1.25687391379559,2.69179519547924,0.99359394220436,3.07319495101324,1.07714554345377
3.70340681362725,3.70340681362725,1,1.85170340681363,0.707106781186548,2.89491819190457,1.25970865218342,2.70762666640231,0.993853158007279,3.09179543125231,1.07710771528226
3.71943887775551,3.71943887775551,1,1.85971943887776,0.707106781186548,2.92041368922318,1.26239298175438,2.72346625477786,0.994103440483405,3.11039430208735,1.07705242520133
3.73547094188377,3.73547094188377,1,1.86773547094188,0.707106781186548,2.9460147519673,1.2649244136699,2.73931368166045,0.994345025030186,3.12899096907332,1.07698016593874
3.75150300601202,3.75150300601202,1,1.87575150300601,0.707106781186548,2.97171534366479,1.26730066648752,2.75516867535397,0.994578144006613,3.14758485485452,1.07689142837321
3.76753507014028,3.76753507014028,1,1.88376753507014,0.707106781186548,2.99750930302857,1.26951967307131,2.77103097132742,0.994803026634146,3.16617539911573,1.07678670111142
3.78356713426854,3.78356713426854,1,1.89178356713427,0.707106781186548,3.02339035450346,1.27157958692445,2.78690031212697,0.995019898904559,3.18476205851649,1.07666647007915
3.79959919839679,3.79959919839679,1,1.8997995991984,0.707106781186548,3.04935211923756,1.2734787879101,2.80277644728441,0.995228983494651,3.20334430660902,1.07653121812664
3.81563126252505,3.81563126252505,1,1.90781563126253,0.707106781186547,3.07538812643955,1.27521588732973,2.8186591332224,0.995430499687701,3.22192163374041,1.07638142464874
3.83166332665331,3.83166332665331,1,1.91583166332665,0.707106781186548,3.10149182508012,1.27678973233083,2.83454813315647,0.995624663301592,3.24049354693973,1.07621756521993
3.84769539078156,3.84769539078156,1,1.92384769539078,0.707106781186548,3.12765659589399,1.27819940961936,2.85044321699442,0.995811686623471,3.25905956979062,1.07604011124444
3.86372745490982,3.86372745490982,1,1.93186372745491,0.707106781186547,3.15387576363663,1.27944424845571,2.8663441612329,0.995991778350833,3.27761924229009,1.07584952962182
3.87975951903808,3.87975951903808,1,1.93987975951904,0.707106781186548,3.18014260954822,1.28052382291659,2.88225074885181,0.996165143538893,3.29617212069412,1.07564628242792
3.89579158316633,3.89579158316633,1,1.94789579158317,0.707106781186548,3.20645038397604,1.28143795340887,2.89816276920636,0.996331983554123,3.31471777735063,1.07543082661147
3.91182364729459,3.91182364729459,1,1.95591182364729,0.707106781186548,3.23279231910534,1.28218670742578,2.9140800179174,0.99649249603379,3.33325580052065,1.07520361370629
3.92785571142285,3.92785571142285,1,1.96392785571142,0.707106781186548,3.25916164174801,1.28277039953926,2.93000229675985,0.996646874851359,3.35178579418821,1.0749650895593
3.9438877755511,3.9438877755511,1,1.97194388777555,0.707106781186548,3.285551586138,1.28318959062684,2.94592941354977,0.9967953100876,3.37030737785959,1.07471569407401
3.95991983967936,3.95991983967936,1,1.97995991983968,0.707106781186548,3.31195540668242,1.28344508633526,2.96186118202999,0.996937988007238,3.38882018635263,1.07445586096989
3.97595190380761,3.97595190380762,1,1.98797595190381,0.707106781186548,3.33836639061759,1.28353793478708,2.97779742175475,0.997075091040973,3.40732386957678,1.07418601755706
3.99198396793587,3.99198396793587,1,1.99599198396794,0.707106781186548,3.36477787051979,1.28346942354075,2.99373795797333,0.997206797772717,3.42581809230439,1.07390658452668
4.00801603206413,4.00801603206413,1,2.00400801603206,0.707106781186548,3.39118323662176,1.28324107581832,3.00968262151298,0.997333282931845,3.44430253393406,1.07361797575647
4.02404809619238,4.02404809619238,1,2.01202404809619,0.707106781186548,3.41757594888698,1.28285464601909,3.02563124866131,0.997454717390317,3.46277688824647,1.07332059813152
4.04008016032064,4.04008016032064,1,2.02004008016032,0.707106781186547,3.4439495487958,1.28231211454085,3.04158368104823,0.997571268164462,3.48124086315348,1.07301485138001
4.0561122244489,4.0561122244489,1,2.02805611222445,0.707106781186548,3.47029767079885,1.28161568193421,3.05753976552776,0.997683098421255,3.499694180441,1.07270112792369
4.07214428857715,4.07214428857715,1,2.03607214428858,0.707106781186548,3.49661405339615,1.28076776241858,3.07349935405969,0.99779036748891,3.51813657550628,1.07237981274288
4.08817635270541,4.08817635270541,1,2.04408817635271,0.707106781186548,3.52289254980202,1.27977097679167,3.08946230359138,0.99789323087159,3.5365677970901,1.0720512832557
4.10420841683367,4.10420841683367,1,2.05210420841683,0.707106781186548,3.5491271381592,1.2786281447671,3.1054284759398,0.997991840268054,3.55498760700465,1.07171590921127
4.12024048096192,4.12024048096192,1,2.06012024048096,0.707106781186547,3.57531193126808,1.27734227677724,3.12139773767393,0.998086343594068,3.57339577985733,1.07137405259652
4.13627254509018,4.13627254509018,1,2.06813627254509,0.707106781186548,3.60144118580044,1.27591656528095,3.13736995999765,0.998176885008376,3.59179210277133,1.07102606755634
4.15230460921844,4.15230460921844,1,2.07615230460922,0.707106781186547,3.6275093109698,1.27435437561751,3.15334501863329,0.998263604942057,3.61017637510329,1.07067230032673
4.16833667334669,4.16833667334669,1,2.08416833667335,0.707106781186548,3.65351087663437,1.27265923645013,3.16932279370598,0.998346640131093,3.62854840815865,1.07031308918055
4.18436873747495,4.18436873747495,1,2.09218436873747,0.707106781186548,3.67944062081166,1.27083482984353,3.18530316962874,0.998426123651944,3.64690802490519,1.06994876438548
4.20040080160321,4.20040080160321,1,2.1002004008016,0.707106781186547,3.7052934565875,1.26888498102121,3.20128603498869,0.998502184959975,3.66525505968517,1.06957964817392
4.21643286573146,4.21643286573146,1,2.10821643286573,0.707106781186547,3.73106447840554,1.26681364784887,3.21727128243424,0.998574949930543,3.68358935792655,1.0692060547243
4.23246492985972,4.23246492985972,1,2.11623246492986,0.707106781186547,3.75674896772715,1.26462491009075,3.2332588085635,0.99864454090257,3.70191077585381,1.06882829015352
4.24849699398798,4.24849699398798,1,2.12424849699399,0.707106781186548,3.78234239805464,1.26232295848585,3.24924851381393,0.99871107672444,3.72021918019867,1.06844665251994
4.26452905811623,4.26452905811623,1,2.13226452905812,0.707106781186548,3.80784043931468,1.25991208369085,3.2652403023533,0.998774672802035,3.73851444791117,1.06806143183673
4.28056112224449,4.28056112224449,1,2.14028056112224,0.707106781186547,3.83323896160167,1.25739666513594,3.28123408197216,0.998835441148758,3.75679646587154,1.067672910095
4.29659318637275,4.29659318637275,1,2.14829659318637,0.707106781186548,3.85853403828436,1.25478115983919,3.29722976397769,0.998893490437375,3.77506513060318,1.06728136129624
4.312625250501,4.312625250501,1,2.1563126252505,0.707106781186548,3.88372194848192,1.252070091224,3.31322726308918,0.998948926053515,3.79332034798705,1.0668870514939
4.32865731462926,4.32865731462926,1,2.16432865731463,0.707106781186547,3.9087991789187,1.24926803798293,3.3292264973351,0.99900185015068,3.81156203297797,1.06649023884332
4.34468937875751,4.34468937875751,1,2.17234468937876,0.707106781186547,3.93376242516971,1.24637962302975,3.34522738795181,0.999052361706612,3.82979010932291,1.0660911736599
4.36072144288577,4.36072144288577,1,2.18036072144289,0.707106781186548,3.95860859231129,1.24340950257988,3.36122985928402,0.999100556580862,3.84800450928178,1.06569009848491
4.37675350701403,4.37675350701403,1,2.18837675350701,0.707106781186548,3.98333479499414,1.24036235539753,3.37723383868705,0.999146527573436,3.86620517335094,1.06528724815851
4.39278557114228,4.39278557114228,1,2.19639278557114,0.707106781186548,4.00793835695767,1.23724287224574,3.39323925643075,0.999190364484366,3.88439204998952,1.06488284989971
4.40881763527054,4.40881763527054,1,2.20440881763527,0.707106781186548,4.03241681000701,1.2340557455736,3.40924604560542,0.999232154174084,3.90256509534911,1.06447712339264
4.4248496993988,4.4248496993988,1,2.2124248496994,0.707106781186548,4.05676789247542,1.23080565947225,3.4252541420295,0.999271980624457,3.9207242730068,1.06407028087887
4.44088176352705,4.44088176352705,1,2.22044088176353,0.707106781186547,4.08098954719672,1.22749727992941,3.44126348415915,0.999309925000381,3.93886955370181,1.06366252725537
4.45691382765531,4.45691382765531,1,2.22845691382766,0.707106781186548,4.10507991901336,1.22413524540907,3.45727401299976,0.999346065711791,3.95700091507606,1.06325406017755
4.47294589178357,4.47294589178357,1,2.23647294589178,0.707106781186547,4.12903735184704,1.22072415778126,3.47328567201941,0.999380478475997,3.97511834141868,1.06284507016723
4.48897795591182,4.48897795591182,1,2.24448897795591,0.707106781186548,4.15286038535973,1.21726857362349,3.48929840706422,0.999413236380214,3.99322182341475,1.06243574072494
4.50501002004008,4.50501002004008,1,2.25250501002004,0.707106781186547,4.17654775123326,1.21377299591347,3.50531216627566,0.999444409944206,4.01131135789829,1.06202624844631
4.52104208416834,4.52104208416834,1,2.26052104208417,0.707106781186548,4.20009836909661,1.21024186612991,3.52132690000989,0.999474067182923,4.0293869476098,1.0616167631421
4.53707414829659,4.53707414829659,1,2.2685370741483,0.707106781186548,4.22351134212987,1.20667955677572,3.53734256075893,0.999502273669054,4.04744860095835,1.06120744796158
4.55310621242485,4.55310621242485,1,2.27655310621242,0.707106781186548,4.24678595237419,1.20309036433547,3.55335910307388,0.999529092595393,4.06549633178834,1.06079845951883
4.56913827655311,4.56913827655311,1,2.28456913827655,0.707106781186548,4.26992165577677,1.19947850267646,3.56937648349007,0.999554584836947,4.08353015915103,1.06038994802173
4.58517034068136,4.58517034068136,1,2.29258517034068,0.707106781186547,4.29291807699985,1.19584809690046,3.58539466045419,0.999578809012692,4.10155010708103,1.05998205740318
4.60120240480962,4.60120240480962,1,2.30060120240481,0.707106781186548,4.31577500402205,1.19220317765089,3.60141359425325,0.999601821546911,4.11955620437761,1.0595749254544
4.61723446893788,4.61723446893788,1,2.30861723446894,0.707106781186548,4.33849238256009,1.1885476758778,3.61743324694559,0.999623676730046,4.13754848439103,1.05916868395978
4.63326653306613,4.63326653306613,1,2.31663326653307,0.707106781186548,4.36107031033799,1.18488541806133,3.63345358229376,0.999644426778978,4.15552698481397,1.05876345883328
4.64929859719439,4.64929859719439,1,2.32464929859719,0.707106781186548,4.3835090312303,1.18122012189171,3.64947456569925,0.999664121896708,4.17349174747794,1.05835937025579
4.66533066132264,4.66533066132264,1,2.33266533066132,0.707106781186547,4.40580892930483,1.17755539240266,3.66549616413915,0.999682810331343,4.19144281815485,1.0579565328134
4.6813627254509,4.6813627254509,1,2.34068136272545,0.707106781186547,4.42797052278948,1.17389471855258,3.68151834610466,0.999700538434364,4.20938024636364,1.05755505563624
4.69739478957916,4.69739478957916,1,2.34869739478958,0.707106781186547,4.44999445798663,1.17024147024685,3.69754108154143,0.999717350718106,4.22730408518207,1.05715504253766
4.71342685370741,4.71342685370741,1,2.35671342685371,0.707106781186548,4.47188150315761,1.16659889579263,3.71356434179165,0.999733289912423,4.24521439106359,1.05675659215343
4.72945891783567,4.72945891783567,1,2.36472945891784,0.707106781186548,4.49363254239826,1.16297011977633,3.72958809953806,0.99974839702048,4.26311122365933,1.05635979808093
4.74549098196393,4.74549098196393,1,2.37274549098196,0.707106781186548,4.51524856952588,1.15935814135249,3.74561232874957,0.999762711373639,4.28099464564517,1.05596474901788
4.76152304609218,4.76152304609218,1,2.38076152304609,0.707106781186547,4.53673068199606,1.15576583293185,3.7616370046287,0.999776270685423,4.29886472255384,1.05557152890063
4.77755511022044,4.77755511022044,1,2.38877755511022,0.707106781186548,4.55808007486718,1.15219593925518,3.77766210356073,0.999789111104494,4.31672152261206,1.05518021704164
4.7935871743487,4.7935871743487,1,2.39679358717435,0.707106781186548,4.57929803482868,1.1486510768385,3.79368760306442,0.999801267266647,4.3345651165827,1.05479088826607
4.80961923847695,4.80961923847695,1,2.40480961923848,0.707106781186548,4.60038593430825,1.14513373377472,3.80971348174448,0.999812772345787,4.35239557761178,1.05440361304734
4.82565130260521,4.82565130260521,1,2.4128256513026,0.707106781186548,4.62134522567162,1.14164626987591,3.82573971924561,0.99982365810386,4.37021298108045,1.05401845764138
4.84168336673347,4.84168336673347,1,2.42084168336673,0.707106781186548,4.64217743552748,1.13819091713975,3.84176629620808,0.999833954939735,4.38801740446171,1.05363548421956
4.85771543086172,4.85771543086172,1,2.42885771543086,0.707106781186548,4.66288415914896,1.13476978052351,3.85779319422489,0.999843691937009,4.405808927182,1.05325475100008
4.87374749498998,4.87374749498998,1,2.43687374749499,0.707106781186548,4.68346705502173,1.13138483900832,3.87382039580043,0.999852896910737,4.42358763048738,1.05287631237772
4.88977955911824,4.88977955911824,1,2.44488977955912,0.707106781186548,4.7039278395277,1.12803794693646,3.8898478843106,0.999861596453057,4.44135359731441,1.05250021905183
4.90581162324649,4.90581162324649,1,2.45290581162325,0.707106781186548,4.72426828177227,1.12473083560387,3.90587564396441,0.999869815977734,4.45910691216555,1.05212651815245
4.92184368737475,4.92184368737475,1,2.46092184368737,0.707106781186548,4.74449019856193,1.1214651150906,3.92190365976691,0.999877579763583,4.47684766098905,1.05175525336452
4.93787575150301,4.93787575150301,1,2.4689378757515,0.707106781186547,4.764595449538,1.11824227631128,3.93793191748355,0.999884910996799,4.49457593106327,1.05138646504999
4.95390781563126,4.95390781563126,1,2.47695390781563,0.707106781186547,4.78458593247133,1.11506369326838,3.95396040360585,0.999891831812173,4.51229181088522,1.05102019036777
4.96993987975952,4.96993987975952,1,2.48496993987976,0.707106781186547,4.80446357872187,1.11193062549069,3.96998910531841,0.999898363333211,4.52999539006345,1.05065646339162
4.98597194388778,4.98597194388778,1,2.49298597194389,0.707106781186547,4.82423034886609,1.10884422064017,3.9860180104671,0.999904525711146,4.54768675921502,1.0502953152256
5.00200400801603,5.00200400801603,1,2.50100200400802,0.707106781186547,4.84388822849458,1.10580551727019,4.00204710752855,0.999910338162866,4.56536600986649,1.04993677411736
5.01803607214429,5.01803607214429,1,2.50901803607214,0.707106781186548,4.86343922418109,1.10281544771884,4.01807638558083,0.999915819007739,4.58303323435899,1.04958086556894
5.03406813627254,5.03406813627254,1,2.51703406813627,0.707106781186547,4.88288535962379,1.09987484112131,4.03410583427526,0.999920985703379,4.60068852575701,1.04922761244528
5.0501002004008,5.0501002004008,1,2.5250501002004,0.707106781186548,4.9022286719589,1.09698442652567,4.05013544380936,0.999925854880323,4.61833197776114,1.04887703508018
5.06613226452906,5.06613226452906,1,2.53306613226453,0.707106781186547,4.92147120824597,1.09414483609722,4.0661652049009,0.99993044237567,4.63596368462434,1.04852915137991
5.08216432865731,5.08216432865731,1,2.54108216432866,0.707106781186547,4.94061502212371,1.09135660839659,4.08219510876301,0.999934763265662,4.65358374107191,1.04818397692421
5.09819639278557,5.09819639278557,1,2.54909819639279,0.707106781186548,4.95966217063485,1.08862019171794,4.0982251470803,0.999938831897242,4.67119224222495,1.04784152506488
5.11422845691383,5.11422845691383,1,2.55711422845691,0.707106781186547,4.97861471121771,1.08593594747367,4.11425531198599,0.999942661918592,4.68878928352716,1.0475018070218
5.13026052104208,5.13026052104208,1,2.56513026052104,0.707106781186548,4.99747469886211,1.08330415361306,4.13028559603999,0.999946266308676,4.70637496067502,1.04716483197648
5.14629258517034,5.14629258517034,1,2.57314629258517,0.707106781186548,5.01624418342663,1.08072500806258,4.14631599220793,0.999949657405791,4.7239493695512,1.04683060716304
5.1623246492986,5.1623246492986,1,2.5811623246493,0.707106781186548,5.03492520711402,1.07819863217649,4.16234649384104,0.999952846935163,4.74151260616102,1.04649913795674
5.17835671342685,5.17835671342685,1,2.58917835671343,0.707106781186548,5.05351980210107,1.07572507418698,4.17837709465698,0.999955846035587,4.75906476657204,1.04617042795988
5.19438877755511,5.19438877755511,1,2.59719438877756,0.707106781186548,5.07202998831943,1.07330431264341,4.19440778872143,0.999958665285137,4.77660594685649,1.0458444790854
5.21042084168337,5.21042084168337,1,2.60521042084168,0.707106781186548,5.09045777138299,1.07093625983155,4.2104385704305,0.999961314725972,4.79413624303667,1.0455212916378
5.22645290581162,5.22645290581162,1,2.61322645290581,0.707106781186548,5.10880514065797,1.06862076516357,4.22646943449399,0.999963803888245,4.81165575103301,1.04520086439175
5.24248496993988,5.24248496993988,1,2.62124248496994,0.707106781186548,5.1270740674711,1.06635761853092,4.24250037591933,0.999966141813142,4.82916456661483,1.04488319466821
5.25851703406814,5.25851703406814,1,2.62925851703407,0.707106781186548,5.14526650345154,1.06414655361226,4.25853138999625,0.999968337075069,4.84666278535376,1.04456827840813
5.27454909819639,5.27454909819639,1,2.6372745490982,0.707106781186548,5.16338437900196,1.06198725112981,4.27456247228216,0.999970397803014,4.86415050257952,1.04425611024383
5.29058116232465,5.29058116232465,1,2.64529058116232,0.707106781186548,5.18142960189408,1.05987934204753,4.29059361858824,0.999972331701095,4.88162781333823,1.04394668356793
5.30661322645291,5.30661322645291,1,2.65330661322645,0.707106781186547,5.199404055984,1.0578224107057,4.30662482496611,0.999974146068312,4.89909481235302,1.0436399906001
5.32264529058116,5.32264529058116,1,2.66132264529058,0.707106781186548,5.21730960004263,1.05581599788658,4.32265608769515,0.999975847817548,4.91655159398682,1.04333602245143
5.33867735470942,5.33867735470942,1,2.66933867735471,0.707106781186548,5.23514806669649,1.05385960380678,4.33868740327044,0.999977443493801,4.93399825220743,1.04303476918663
5.35470941883767,5.35470941883768,1,2.67735470941884,0.707106781186548,5.25292126147417,1.05195269103225,4.35471876839123,0.999978939291709,4.95143488055459,1.04273621988397
5.37074148296593,5.37074148296593,1,2.68537074148297,0.707106781186548,5.27063096195374,1.05009468731249,4.37075017994997,0.999980341072356,4.96886157210907,1.0424403626931
5.38677354709419,5.38677354709419,1,2.69338677354709,0.707106781186548,5.2882789170066,1.04828498833097,4.38678163502192,0.999981654379398,4.98627841946374,1.04214718489078
5.40280561122244,5.40280561122244,1,2.70140280561122,0.707106781186548,5.30586684613305,1.04652296036942,4.40281313085516,0.999982884454522,5.00368551469645,1.04185667293446
5.4188376753507,5.4188376753507,1,2.70941883767535,0.707106781186548,5.32339643888522,1.04480794288376,4.41884466486123,0.999984036252265,5.02108294934471,1.04156881251392
5.43486973947896,5.43486973947896,1,2.71743486973948,0.707106781186548,5.34086935437285,1.04313925099039,4.43487623460606,0.999985114454206,5.03847081438211,1.04128358860086
5.45090180360721,5.45090180360721,1,2.72545090180361,0.707106781186547,5.35828722084766,1.04151617786136,4.45090783780152,0.999986123482552,5.05584920019631,1.04100098549661
5.46693386773547,5.46693386773547,1,2.73346693386774,0.707106781186547,5.37565163536203,1.0399379970279,4.46693947229728,0.999987067513142,5.07321819656875,1.0407209868779
5.48296593186373,5.48296593186373,1,2.74148296593186,0.707106781186548,5.39296416349795,1.03840396459179,4.48297113607309,0.99998795048789,5.09057789265569,1.0404435758408
5.49899799599198,5.49899799599198,1,2.74949899799599,0.707106781186547,5.41022633916215,1.03691332134442,4.49900282723153,0.999988776126674,5.10792837697086,1.04016873494292
5.51503006012024,5.51503006012024,1,2.75751503006012,0.707106781186548,5.42743966444354,1.03546529479391,4.515034543991,0.999989547938703,5.12526973736943,1.03989644624376
5.5310621242485,5.5310621242485,1,2.76553106212425,0.707106781186548,5.44460560952926,1.03405910110071,4.53106628467922,0.999990269233378,5.14260206103326,1.03962669134345
5.54709418837675,5.54709418837675,1,2.77354709418838,0.707106781186548,5.46172561267554,1.03269394692247,4.54709804772694,0.999990943130658,5.1599254344575,1.03935945141981
5.56312625250501,5.56312625250501,1,2.7815631262525,0.707106781186547,5.47880108022997,1.03136903116931,4.56312983166204,0.999991572570952,5.17723994343839,1.03909470726374
5.57915831663327,5.57915831663327,1,2.78957915831663,0.707106781186548,5.49583338670182,1.03008354667052,4.57916163510392,0.999992160324566,5.19454567306217,1.03883243931316
5.59519038076152,5.59519038076152,1,2.79759519038076,0.707106781186547,5.51282387487685,1.02883668175442,4.5951934567582,0.999992709000701,5.2118427076951,1.03857262768538
5.61122244488978,5.61122244488978,1,2.80561122244489,0.707106781186548,5.5297738559739,1.02762762174266,4.61122529541171,0.999993221056034,5.22913113097459,1.03831525220795
5.62725450901804,5.62725450901804,1,2.81362725450902,0.707106781186548,5.54668460983984,1.0264555503611,4.6272571499277,0.999993698802895,5.24641102580128,1.03806029244822
5.64328657314629,5.64328657314629,1,2.82164328657315,0.707106781186548,5.56355738518018,1.02531965106889,4.64328901924133,0.999994144417054,5.26368247433208,1.03780772774139
5.65931863727455,5.65931863727455,1,2.82965931863727,0.707106781186548,5.58039339982259,1.02421910830791,4.65932090235547,0.999994559945131,5.28094555797412,1.03755753721732
5.67535070140281,5.67535070140281,1,2.8376753507014,0.707106781186547,5.59719384101053,1.02315310867476,4.67535279833661,0.999994947311654,5.2982003573796,1.037309699826
5.69138276553106,5.69138276553106,1,2.84569138276553,0.707106781186548,5.61395986572467,1.02212084201737,4.69138470631109,0.999995308325761,5.31544695244136,1.03706419436182
5.70741482965932,5.70741482965932,1,2.85370741482966,0.707106781186548,5.63069260102939,1.02112150245872,4.70741662546149,0.999995644687589,5.33268542228938,1.0368209994866
5.72344689378757,5.72344689378757,1,2.86172344689379,0.707106781186548,5.64739314444246,1.02015428934985,4.72344855502324,0.999995957994327,5.34991584528785,1.0365800937515
5.73947895791583,5.73947895791583,1,2.86973947895792,0.707106781186547,5.66406256432532,1.01921840815465,4.73948049428141,0.999996249745982,5.36713829903305,1.03634145561775
5.75551102204409,5.75551102204409,1,2.87775551102204,0.707106781186548,5.68070190029218,1.01831307126892,4.75551244256766,0.999996521350846,5.38435286035185,1.03610506347639
5.77154308617234,5.77154308617235,1,2.88577154308617,0.707106781186548,5.69731216363581,1.01743749877593,4.77154439925743,0.99999677413069,5.40155960530088,1.03587089566691
5.7875751503006,5.7875751503006,1,2.8937875751503,0.707106781186548,5.71389433776822,1.01659091914123,4.78757636376721,0.999997009325685,5.41875860916615,1.0356389304949
5.80360721442886,5.80360721442886,1,2.90180360721443,0.707106781186547,5.7304493786745,1.01577256984896,4.80360833555201,0.999997228099081,5.43594994646347,1.03540914624875
5.81963927855711,5.81963927855711,1,2.90981963927856,0.707106781186548,5.74697821537811,1.01498169798214,4.81964031410297,0.999997431541634,5.4531336909391,1.03518152121543
5.83567134268537,5.83567134268537,1,2.91783567134269,0.707106781186548,5.76348175041602,1.01421756074951,4.83567229894508,0.999997620675803,5.47030991557116,1.03495603369536
5.85170340681363,5.85170340681363,1,2.92585170340681,0.707106781186548,5.77996086032234,1.01347942596112,4.85170428963508,0.999997796459729,5.48747869257134,1.03473266201649
5.86773547094188,5.86773547094188,1,2.93386773547094,0.707106781186547,5.79641639611897,1.01276657245523,4.86773628575948,0.999997959791002,5.50464009338711,1.03451138454744
5.88376753507014,5.88376753507014,1,2.94188376753507,0.707106781186548,5.81284918381194,1.01207829047876,4.88376828693259,0.999998111510226,5.5217941887043,1.03429217970997
5.8997995991984,5.8997995991984,1,2.9498997995992,0.707106781186548,5.82926002489233,1.01141388202356,4.89980029279487,0.999998252404392,5.53894104845012,1.03407502599067
5.91583166332665,5.91583166332665,1,2.95791583166333,0.707106781186548,5.84564969684052,1.01077266112094,4.91583230301114,0.999998383210068,5.55608074179649,1.03385990195189
5.93186372745491,5.93186372745491,1,2.96593186372745,0.707106781186548,5.86201895363273,1.01015395409633,4.9318643172691,0.99999850461642,5.57321333716372,1.033646786242
5.94789579158317,5.94789579158317,1,2.97394789579158,0.707106781186547,5.87836852624892,1.00955709978658,4.94789633527782,0.999998617268061,5.59033890222453,1.033435657605
5.96392785571142,5.96392785571142,1,2.98196392785571,0.707106781186548,5.89469912318101,1.0089814497217,4.96392835676637,0.999998721767744,5.6074575039083,1.0332264948895
5.97995991983968,5.97995991983968,1,2.98997995991984,0.707106781186548,5.91101143094064,1.00842636827324,4.97996038148249,0.999998818678911,5.62456920840563,1.03301927705705
5.99599198396794,5.99599198396794,1,2.99799599198397,0.707106781186548,5.92730611456564,1.00789123277118,4.9959924091914,0.99999890852809,5.64167408117317,1.03281398318998
6.01202404809619,6.01202404809619,1,3.0060120240481,0.707106781186548,5.9435838181245,1.0073754335913,5.01202443967464,0.999998991807167,5.65877218693865,1.03261059249859
6.02805611222445,6.02805611222445,1,3.01402805611222,0.707106781186547,5.95984516521808,1.00687837421484,5.028056472729,0.999999068975522,5.6758635897061,1.03240908432787
6.04408817635271,6.04408817635271,1,3.02204408817635,0.707106781186548,5.97609075947804,1.0063994712622,5.04408850816549,0.999999140462044,5.69294835276135,1.0322094381637
6.06012024048096,6.06012024048096,1,3.03006012024048,0.707106781186547,5.99232118506128,1.00593815450241,5.06012054580842,0.999999206667036,5.71002653867761,1.03201163363861
6.07615230460922,6.07615230460922,1,3.03807615230461,0.707106781186547,6.00853700713999,1.00549386684007,5.07615258549451,0.999999267964006,5.72709820932128,1.03181565053701
6.09218436873747,6.09218436873747,1,3.04609218436874,0.707106781186548,6.02473877238673,1.00506606428125,5.09218462707204,0.999999324701351,5.74416342585791,1.03162146880004
6.10821643286573,6.10821643286573,1,3.05410821643287,0.707106781186548,6.04092700945415,1.00465421587986,5.10821667040006,0.999999377203949,5.76122224875826,1.03142906853
6.12424849699399,6.12424849699399,1,3.06212424849699,0.707106781186547,6.05710222944895,1.00425780366603,5.12424871534772,0.999999425774657,5.77827473780451,1.0312384299944
6.14028056112224,6.14028056112224,1,3.07014028056112,0.707106781186548,6.07326492639963,1.00387632255786,5.14028076179352,0.99999947069571,5.79532095209658,1.03104953362957
6.1563126252505,6.1563126252505,1,3.07815631262525,0.707106781186548,6.08941557771785,1.00350928025772,5.15631280962469,0.999999512230055,5.81236095005852,1.03086236004401
6.17234468937876,6.17234468937876,1,3.08617234468938,0.707106781186548,6.10555464465305,1.00315619713462,5.17234485873662,0.999999550622588,5.82939478944504,1.03067689002133
6.18837675350701,6.18837675350701,1,3.09418837675351,0.707106781186548,6.12168257273995,1.00281660609358,5.18837690903228,0.999999586101328,5.84642252734807,1.03049310452292
6.20440881763527,6.20440881763527,1,3.10220440881763,0.707106781186548,6.13779979223896,1.00249005243337,5.20440896042167,0.999999618878515,5.86344422020341,1.03031098469027
6.22044088176353,6.22044088176353,1,3.11022044088176,0.707106781186548,6.15390671856902,1.00217609369353,5.22044101282138,0.99999964915164,5.88045992379743,1.03013051184707
6.23647294589178,6.23647294589178,1,3.11823647294589,0.707106781186548,6.17000375273293,1.00187429949182,5.2364730661541,0.999999677104419,5.89746969327382,1.02995166750094
6.25250501002004,6.25250501002004,1,3.12625250501002,0.707106781186548,6.18609128173489,1.001584251353,5.2525051203482,0.9999997029077,5.91447358314037,1.02977443334504
6.2685370741483,6.26853707414829,1,3.13426853707415,0.707106781186547,6.20216967899019,1.00130554252993,5.26853717533733,0.999999726720314,5.9314716472758,1.0295987912593
6.28456913827655,6.28456913827655,1,3.14228456913828,0.707106781186548,6.21823930472686,1.00103777781775,5.28456923106007,0.999999748689883,5.94846393893661,1.02942472331152
6.30060120240481,6.30060120240481,1,3.1503006012024,0.707106781186548,6.23430050637937,1.00078057336208,5.30060128745954,0.999999768953561,5.96545051076394,1.02925221175819
6.31663326653307,6.31663326653307,1,3.15831663326653,0.707106781186548,6.25035361897415,1.00053355646198,5.31663334448311,0.999999787638746,5.98243141479041,1.02908123904518
6.33266533066132,6.33266533066132,1,3.16633266533066,0.707106781186547,6.26639896550698,1.00029636536835,5.3326654020821,0.999999804863734,5.99940670244706,1.02891178780815
6.34869739478958,6.34869739478958,1,3.17434869739479,0.707106781186548,6.28243685731221,1.00006864907849,5.34869746021145,0.999999820738337,6.01637642457016,1.02874384087284
6.36472945891783,6.36472945891783,1,3.18236472945892,0.707106781186547,6.29846759442379,0.999850067127471,5.36472951882953,0.999999835364463,6.03334063140814,1.0285773812552
6.38076152304609,6.38076152304609,1,3.19038076152305,0.707106781186547,6.31449146592809,0.999640289376914,5.38076157789784,0.999999848836657,6.05029937262836,1.02841239216129
6.39679358717435,6.39679358717435,1,3.19839679358717,0.707106781186547,6.33050875030865,0.999438995801701,5.39679363738081,0.999999861242601,6.06725269732405,1.02824885698714
6.4128256513026,6.4128256513026,1,3.2064128256513,0.707106781186548,6.34651971578268,0.999245876275207,5.41282569724556,0.999999872663596,6.08420065402103,1.02808675931837
6.42885771543086,6.42885771543086,1,3.21442885771543,0.707106781186547,6.36252462062959,0.999060630353483,5.42885775746174,0.999999883175,6.10114329068459,1.02792608292971
6.44488977955912,6.44488977955912,1,3.22244488977956,0.707106781186547,6.37852371351137,0.998882967058885,5.44488981800132,0.999999892846641,6.11808065472616,1.02776681178447
6.46092184368737,6.46092184368737,1,3.23046092184369,0.707106781186548,6.39451723378514,0.998712604663547,5.46092187883841,0.999999901743205,6.1350127930101,1.02760893003377
6.47695390781563,6.47695390781563,1,3.23847695390781,0.707106781186547,6.41050541180764,0.998549270473105,5.47695393994915,0.999999909924598,6.15193975186036,1.02745242201574
6.49298597194389,6.49298597194389,1,3.24649298597194,0.707106781186548,6.42648846923205,0.998392700611026,5.4929860013115,0.999999917446279,6.16886157706716,1.02729727225467
6.50901803607214,6.50901803607214,1,3.25450901803607,0.707106781186547,6.44246661929697,0.998242639803877,5.50901806290514,0.99999992435958,6.18577831389354,1.02714346545995
6.5250501002004,6.5250501002004,1,3.2625250501002,0.707106781186548,6.45844006710782,0.998098841167849,5.52505012471133,0.999999930711995,6.20269000708196,1.02699098652498
6.54108216432866,6.54108216432866,0.999999999999999,3.27054108216433,0.707106781186547,6.47440900991065,0.997961065996804,5.54108218671281,0.999999936547456,6.21959670086083,1.02683982052607
6.55711422845691,6.55711422845691,0.999999999999999,3.27855711422846,0.707106781186547,6.49037363735858,0.997829083552119,5.55711424889365,0.999999941906588,6.23649843895093,1.02668995272116
6.57314629258517,6.57314629258517,0.999999999999999,3.28657314629259,0.707106781186548,6.50633413177085,0.997702670854555,5.5731463112392,0.999999946826944,6.25339526457183,1.02654136854851
6.58917835671343,6.58917835671343,0.999999999999999,3.29458917835671,0.707106781186548,6.52229066838467,0.997581612478366,5.58917837373595,0.999999951343234,6.27028722044827,1.02639405362538
6.60521042084168,6.60521042084168,0.999999999999999,3.30260521042084,0.707106781186548,6.53824341560002,0.997465700347842,5.60521043637147,0.999999955487523,6.28717434881642,1.02624799374658
6.62124248496994,6.62124248496994,0.999999999999999,3.31062124248497,0.707106781186548,6.55419253521738,0.997354733536468,5.6212424991343,0.999999959289429,6.30405669143015,1.02610317488301
6.6372745490982,6.6372745490982,0.999999999999999,3.3186372745491,0.707106781186548,6.57013818266873,0.997248518068845,5.63727456201392,0.999999962776299,6.32093428956723,1.02595958318015
6.65330661322645,6.65330661322645,0.999999999999999,3.32665330661323,0.707106781186548,6.58608050724167,0.997146866725527,5.65330662500063,0.999999965973378,6.33780718403538,1.02581720495651
6.66933867735471,6.66933867735471,0.999999999999999,3.33466933867735,0.707106781186548,6.6020196522971,0.997049598850885,5.66933868808551,0.999999968903962,6.35467541517843,1.025676026702
6.68537074148297,6.68537074148296,0.999999999999998,3.34268537074148,0.707106781186548,6.61795575548029,0.99695654016412,5.68537075126039,0.999999971589542,6.37153902288224,1.02553603507634
6.70140280561122,6.70140280561122,0.999999999999998,3.35070140280561,0.707106781186547,6.6338889489257,0.996867522573512,5.70140281451771,0.999999974049939,6.38839804658066,1.02539721690741
6.71743486973948,6.71743486973948,0.999999999999998,3.35871743486974,0.707106781186547,6.64981935945555,0.996782383993996,5.71743487785056,0.99999997630343,6.40525252526141,1.02525955918949
6.73346693386774,6.73346693386774,0.999999999999998,3.36673346693387,0.707106781186548,6.66574710877228,0.996700968168124,5.73346694125257,0.999999978366859,6.42210249747191,1.02512304908165
6.74949899799599,6.74949899799599,0.999999999999998,3.374749498998,0.707106781186547,6.68167231364515,0.996623124490486,5.74949900471791,0.999999980255749,6.43894800132496,1.02498767390595
6.76553106212425,6.76553106212425,0.999999999999997,3.38276553106212,0.707106781186547,6.69759508609094,0.996548707835627,5.76553106824121,0.999999981984399,6.45578907450447,1.02485342114571
6.7815631262525,6.7815631262525,0.999999999999997,3.39078156312625,0.707106781186548,6.71351553354902,0.996477578389502,5.78156313181754,0.999999983565979,6.47262575427105,1.02472027844375
6.79759519038076,6.79759519038076,0.999999999999996,3.39879759519038,0.707106781186548,6.72943375905081,0.996409601484502,5.79759519544239,0.999999985012612,6.48945807746757,1.02458823360064
6.81362725450902,6.81362725450902,0.999999999999996,3.40681362725451,0.707106781186547,6.74534986138393,0.996344647438064,5.81362725911162,0.999999986335458,6.50628608052462,1.02445727457285
6.82965931863727,6.82965931863727,0.999999999999995,3.41482965931864,0.707106781186548,6.76126393525093,0.996282591394885,5.82965932282141,0.999999987544784,6.52310979946593,1.02432738947103
6.84569138276553,6.84569138276553,0.999999999999995,3.42284569138277,0.707106781186548,6.77717607142294,0.996223313172737,5.84569138656829,0.999999988650036,6.53992926991373,1.02419856655816
6.86172344689379,6.86172344689379,0.999999999999994,3.43086172344689,0.707106781186547,6.7930863568883,0.996166697111891,5.86172345034905,0.999999989659899,6.55674452709399,1.02407079424778
6.87775551102204,6.87775551102204,0.999999999999993,3.43887775551102,0.707106781186548,6.80899487499623,0.996112631928131,5.87775551416077,0.999999990582359,6.57355560584169,1.02394406110215
6.8937875751503,6.8937875751503,0.999999999999992,3.44689378757515,0.707106781186548,6.82490170559576,0.99606101056935,5.89378757800077,0.999999991424755,6.59036254060593,1.0238183558305
6.90981963927856,6.90981963927856,0.999999999999991,3.45490981963928,0.707106781186548,6.84080692517005,0.996011730075711,5.90981964186659,0.999999992193829,6.60716536545501,1.02369366728718
6.92585170340681,6.92585170340681,0.99999999999999,3.46292585170341,0.707106781186548,6.85671060696606,0.995964691443342,5.92585170575597,0.999999992895776,6.62396411408146,1.02356998446987
6.94188376753507,6.94188376753507,0.999999999999988,3.47094188376753,0.707106781186547,6.87261282111996,0.995919799491543,5.94188376966686,0.999999993536283,6.64075881980699,1.02344729651781
6.95791583166333,6.95791583166332,0.999999999999987,3.47895791583166,0.707106781186547,6.88851363477818,0.99587696273346,5.95791583359737,0.999999994120571,6.65754951558736,1.02332559270998
6.97394789579158,6.97394789579158,0.999999999999985,3.48697394789579,0.707106781186547,6.90441311221426,0.995836093250212,5.97394789754579,0.999999994653432,6.67433623401722,1.02320486246335
6.98997995991984,6.98997995991984,0.999999999999983,3.49498997995992,0.707106781186548,6.92031131494176,0.995797106568403,5.98997996151052,0.999999995139263,6.69111900733485,1.02308509533107
7.0060120240481,7.00601202404809,0.999999999999981,3.50300601202405,0.707106781186547,6.93620830182309,0.995759921541,6.00601202549013,0.999999995582096,6.70789786742685,1.02296628100073
7.02204408817635,7.02204408817635,0.999999999999978,3.51102204408818,0.707106781186548,6.95210412917468,0.995724460231515,6.0220440894833,0.999999995985628,6.7246728458328,1.02284840929261
7.03807615230461,7.0380761523046,0.999999999999975,3.5190380761523,0.707106781186547,6.96799885086828,0.995690647801451,6.03807615348882,0.999999996353249,6.74144397374977,1.02273147015793
7.05410821643286,7.05410821643286,0.999999999999972,3.52705410821643,0.707106781186547,6.98389251842878,0.995658412400962,6.0541082175056,0.999999996688066,6.75821128203687,1.0226154536771
7.07014028056112,7.07014028056111,0.999999999999968,3.53507014028056,0.707106781186548,6.99978518112846,0.995627685062669,6.07014028153263,0.999999996992923,6.77497480121969,1.02250035005803
7.08617234468938,7.08617234468937,0.999999999999964,3.54308617234469,0.707106781186547,7.0156768860779,0.995598399598582,6.08617234556898,0.999999997270429,6.79173456149462,1.02238614963441
7.10220440881763,7.10220440881762,0.999999999999959,3.55110220440882,0.707106781186547,7.03156767831356,0.995570492500076,6.10220440961383,0.999999997522968,6.80849059273324,1.02227284286402
7.11823647294589,7.11823647294588,0.999999999999954,3.55911823647295,0.707106781186547,7.04745760088217,0.995543902840852,6.11823647366641,0.999999997752726,6.82524292448656,1.02216042032707
7.13426853707415,7.13426853707413,0.999999999999948,3.56713426853707,0.707106781186547,7.06334669492209,0.995518572182845,6.13426853772601,0.999999997961703,6.84199158598919,1.02204887272451
7.1503006012024,7.15030060120239,0.999999999999941,3.5751503006012,0.707106781186548,7.07923499974162,0.995494444485004,6.150300601792,0.999999998151726,6.8587366061635,1.02193819087639
7.16633266533066,7.16633266533064,0.999999999999933,3.58316633266533,0.707106781186548,7.09512255289438,0.995471466014887,6.16633266586381,0.99999999832447,6.87547801362369,1.02182836572026
7.18236472945892,7.1823647294589,0.999999999999924,3.59118236472946,0.707106781186547,7.11100939025201,0.995449585263023,6.1823647299409,0.999999998481463,6.89221583667985,1.02171938830951
7.19839679358717,7.19839679358715,0.999999999999914,3.59919839679359,0.707106781186547,7.12689554607399,0.995428752859966,6.19839679402279,0.999999998624103,6.90895010334188,1.0216112498118
7.21442885771543,7.21442885771541,0.999999999999903,3.60721442885771,0.707106781186547,7.14278105307496,0.995408921495992,6.21442885810904,0.999999998753669,6.9256808413234,1.0215039415075
7.23046092184369,7.23046092184366,0.99999999999989,3.61523046092184,0.707106781186547,7.1586659424894,0.995390045843374,6.23046092219925,0.999999998871327,6.94240807804565,1.02139745478807
7.24649298597194,7.24649298597191,0.999999999999876,3.62324649298597,0.707106781186547,7.17455024413393,0.995372082481174,6.24649298629306,0.999999998978142,6.95913184064124,1.02129178115456
7.2625250501002,7.26252505010016,0.99999999999986,3.6312625250501,0.707106781186547,7.19043398646718,0.995354989822493,6.26252505039013,0.999999999075089,6.97585215595793,1.02118691221608
7.27855711422846,7.27855711422842,0.999999999999842,3.63927855711423,0.707106781186547,7.20631719664735,0.995338728044117,6.27855711449016,0.999999999163056,6.9925690505623,1.02108283968826
7.29458917835671,7.29458917835667,0.999999999999821,3.64729458917836,0.707106781186548,7.22219990058757,0.995323259018512,6.29458917859288,0.999999999242853,7.00928255074337,1.02097955539178
7.31062124248497,7.31062124248492,0.999999999999798,3.65531062124249,0.707106781186548,7.23808212300913,0.995308546248083,6.31062124269804,0.999999999315219,7.02599268251624,1.0208770512509
7.32665330661323,7.32665330661317,0.999999999999772,3.66332665330661,0.707106781186548,7.25396388749257,0.995294554801662,6.32665330680541,0.99999999938083,7.04269947162556,1.02077531929198
7.34268537074148,7.34268537074142,0.999999999999743,3.67134268537074,0.707106781186547,7.26984521652686,0.995281251253161,6.34268537091478,0.999999999440299,7.05940294354906,1.02067435164207
7.35871743486974,7.35871743486966,0.99999999999971,3.67935871743487,0.707106781186548,7.28572613155652,0.995268603622321,6.35871743502597,0.999999999494188,7.07610312350095,1.02057414052746
7.374749498998,7.37474949899791,0.999999999999673,3.687374749499,0.707106781186547,7.301606653027,0.995256581317519,6.3747494991388,0.999999999543007,7.09280003643532,1.02047467827232
7.39078156312625,7.39078156312615,0.999999999999631,3.69539078156313,0.707106781186548,7.31748680042816,0.995245155080555,6.39078156325313,0.999999999587221,7.10949370704947,1.02037595729725
7.40681362725451,7.4068136272544,0.999999999999584,3.70340681362725,0.707106781186547,7.33336659233608,0.995234296933386,6.4068136273688,0.999999999627254,7.12618415978718,1.02027797011799
7.42284569138276,7.42284569138264,0.999999999999531,3.71142284569138,0.707106781186547,7.34924604645313,0.99522398012673,6.4228456914857,0.999999999663493,7.14287141884198,1.02018070934402
7.43887775551102,7.43887775551088,0.999999999999471,3.71943887775551,0.707106781186547,7.36512517964647,0.995214179090511,6.4388777556037,0.999999999696286,7.15955550816029,1.02008416767725
7.45490981963928,7.45490981963912,0.999999999999405,3.72745490981964,0.707106781186547,7.38100400798498,0.995204869386065,6.4549098197227,0.999999999725955,7.17623645144462,1.0199883379107
7.47094188376753,7.47094188376736,0.999999999999329,3.73547094188377,0.707106781186547,7.39688254677466,0.995196027660076,6.47094188384261,0.99999999975279,7.19291427215661,1.01989321292724
7.48697394789579,7.48697394789559,0.999999999999245,3.7434869739479,0.707106781186547,7.41276081059262,0.995187631600183,6.48697394796333,0.999999999777055,7.20958899352012,1.01979878569824
7.50300601202405,7.50300601202382,0.99999999999915,3.75150300601202,0.707106781186548,7.42863881331965,0.995179659892201,6.5030060120848,0.99999999979899,7.22626063852426,1.01970504928239
7.5190380761523,7.51903807615205,0.999999999999043,3.75951903807615,0.707106781186548,7.44451656817143,0.995172092178927,6.51903807620693,0.999999999818814,7.24292922992628,1.01961199682442
7.53507014028056,7.53507014028027,0.999999999998924,3.76753507014028,0.707106781186548,7.46039408772851,0.995164909020452,6.53507014032967,0.999999999836726,7.25959479025456,1.01951962155389
7.55110220440882,7.55110220440849,0.99999999999879,3.77555110220441,0.707106781186548,7.47627138396496,0.995158091855966,6.55110220445296,0.999999999852904,7.27625734181146,1.01942791678397
7.56713426853707,7.56713426853671,0.999999999998639,3.78356713426854,0.707106781186547,7.4921484682759,0.995151622966981,6.56713426857673,0.999999999867514,7.29291690667616,1.01933687591026
7.58316633266533,7.58316633266492,0.999999999998469,3.79158316633267,0.707106781186548,7.5080253515038,0.995145485441941,6.58316633270096,0.999999999880704,7.30957350670746,1.01924649240962
7.59919839679359,7.59919839679312,0.99999999999828,3.79959919839679,0.707106781186547,7.52390204396373,0.995139663142178,6.59919839682558,0.999999999892609,7.32622716354653,1.01915675983902
7.61523046092184,7.61523046092132,0.999999999998067,3.80761523046092,0.707106781186547,7.53977855546751,0.995134140669159,6.61523046095057,0.99999999990335,7.34287789861963,1.0190676718344
7.6312625250501,7.63126252504951,0.999999999997829,3.81563126252505,0.707106781186548,7.55565489534684,0.995128903332984,6.63126252507589,0.99999999991304,7.35952573314078,1.01897922210954
7.64729458917836,7.64729458917769,0.999999999997562,3.82364729458918,0.707106781186547,7.57153107247545,0.995123937122113,6.6472945892015,0.999999999921778,7.3761706881144,1.01889140445496
7.66332665330661,7.66332665330587,0.999999999997263,3.83166332665331,0.707106781186548,7.58740709529029,0.995119228674244,6.66332665332737,0.999999999929657,7.39281278433791,1.01880421273684
7.67935871743487,7.67935871743403,0.999999999996927,3.83967935871743,0.707106781186547,7.60328297181182,0.995114765248345,6.67935871745349,0.999999999936758,7.40945204240431,1.01871764089592
7.69539078156313,7.69539078156218,0.999999999996552,3.84769539078156,0.707106781186548,7.61915870966339,0.995110534697768,6.69539078157983,0.999999999943157,7.42608848270466,1.0186316829465
7.71142284569138,7.71142284569032,0.999999999996132,3.85571142284569,0.707106781186547,7.63503431608985,0.995106525444429,6.71142284570635,0.999999999948922,7.44272212543061,1.01854633297533
7.72745490981964,7.72745490981845,0.999999999995661,3.86372745490982,0.707106781186547,7.65090979797525,0.995102726454007,6.72745490983306,0.999999999954114,7.4593529905768,1.01846158514064
7.7434869739479,7.74348697394656,0.999999999995135,3.87174348697395,0.707106781186547,7.66678516185986,0.995099127212127,6.74348697395992,0.999999999958789,7.47598109794337,1.01837743367109
7.75951903807615,7.75951903807465,0.999999999994547,3.87975951903808,0.707106781186547,7.68266041395637,0.995095717701504,6.75951903808692,0.999999999962997,7.49260646713824,1.01829387286482
7.77555110220441,7.77555110220272,0.999999999993889,3.8877755511022,0.707106781186547,7.69853556016543,0.995092488379993,6.77555110221405,0.999999999966783,7.50922911757951,1.01821089708841
7.79158316633267,7.79158316633077,0.999999999993153,3.89579158316633,0.707106781186548,7.71441060609048,0.99508943015954,6.7915831663413,0.99999999997019,7.52584906849776,1.01812850077598
7.80761523046092,7.80761523045879,0.999999999992331,3.90380761523046,0.707106781186548,7.7302855570519,0.995086534385975,6.80761523046865,0.999999999973254,7.54246633893835,1.0180466784282
7.82364729458918,7.82364729458679,0.999999999991412,3.91182364729459,0.707106781186547,7.74616041810056,0.995083792819638,6.82364729459609,0.999999999976009,7.55908094776363,1.01796542461135
7.83967935871743,7.83967935871475,0.999999999990385,3.91983967935872,0.707106781186548,7.76203519403076,0.995081197616792,6.83967935872362,0.999999999978486,7.57569291365521,1.01788473395642
7.85571142284569,7.85571142284268,0.999999999989239,3.92785571142284,0.707106781186548,7.77790988939259,0.995078741311812,6.85571142285123,0.999999999980712,7.59230225511607,1.01780460115821
7.87174348697395,7.87174348697057,0.999999999987959,3.93587174348697,0.707106781186547,7.79378450850367,0.995076416800098,6.87174348697889,0.999999999982711,7.60890899047279,1.01772502097438
7.8877755511022,7.88777555109842,0.999999999986531,3.9438877755511,0.707106781186548,7.80965905546048,0.99507421732171,6.88777555110663,0.999999999984507,7.62551313787761,1.01764598822465
7.90380761523046,7.90380761522622,0.999999999984937,3.95190380761523,0.707106781186547,7.82553353414907,0.99507213644568,6.90380761523441,0.99999999998612,7.64211471531057,1.01756749778988
7.91983967935872,7.91983967935397,0.999999999983158,3.95991983967936,0.707106781186548,7.84140794825531,0.995070168054987,6.91983967936225,0.999999999987567,7.65871374058154,1.01748954461122
7.93587174348697,7.93587174348165,0.999999999981175,3.96793587174349,0.707106781186548,7.85728230127473,0.995068306332162,6.93587174349013,0.999999999988866,7.67531023133225,1.01741212368928
7.95190380761523,7.95190380760927,0.999999999978964,3.97595190380761,0.707106781186547,7.87315659652179,0.995066545745502,6.95190380761805,0.999999999990031,7.69190420503833,1.01733523008331
7.96793587174349,7.96793587173681,0.999999999976499,3.98396793587174,0.707106781186548,7.88903083713882,0.995064881035875,6.967935871746,0.999999999991076,7.70849567901125,1.01725885891037
7.98396793587174,7.98396793586427,0.999999999973752,3.99198396793587,0.707106781186548,7.90490502610454,0.995063307204089,6.98396793587399,0.999999999992013,7.72508467040027,1.01718300534453
8,7.99999999999164,0.999999999970692,4,0.707106781186547,7.92077916624212,0.995061819498794,7.000000000002,0.999999999992852,7.74167119619439,1.0171076646161
