"x","10%","20%","30%","40%","50%","60%","70%","80%","90%"
-11,-3.703878,-2.472268,-1.581022,-0.775401,0.00192231,0.7676658,1.591456,2.549986,3.83039
-10.96,-3.70612,-2.480208,-1.581086,-0.7688094,-0.00325969,0.763884799999999,1.588484,2.550388,3.829496
-10.92,-3.705136,-2.490408,-1.585288,-0.7672486,-0.0137761,0.766922799999999,1.584274,2.554882,3.836952
-10.88,-3.69537,-2.491288,-1.589772,-0.7776904,-0.0188625,0.775637399999999,1.578306,2.548818,3.832848
-10.84,-3.684788,-2.482682,-1.593664,-0.7731362,-0.0218979,0.781992799999999,1.577684,2.545992,3.829806
-10.8,-3.683862,-2.486388,-1.598108,-0.7711048,-0.024378,0.782536799999999,1.582646,2.54398,3.832852
-10.76,-3.686178,-2.497602,-1.591592,-0.7758168,-0.0147425,0.7790912,1.581248,2.544592,3.827976
-10.72,-3.695492,-2.510048,-1.594118,-0.7693196,-0.0148707,0.773809399999999,1.582838,2.54405,3.834586
-10.68,-3.70305,-2.508824,-1.59678,-0.7690292,-0.0169459,0.777497599999999,1.580506,2.547332,3.840196
-10.64,-3.705434,-2.496646,-1.60193,-0.7721586,-0.0140424,0.780326,1.580988,2.551332,3.833512
-10.6,-3.71121,-2.487386,-1.58845,-0.7771564,-0.0211407,0.7680174,1.572408,2.540664,3.830612
-10.56,-3.71481,-2.485112,-1.58772,-0.7738714,-0.0195674,0.7730878,1.583182,2.538192,3.828128
-10.52,-3.72628,-2.483004,-1.59343,-0.7692108,-0.0240381,0.7733212,1.5853,2.534894,3.830712
-10.48,-3.728262,-2.482052,-1.583722,-0.7863844,-0.0271205,0.780095199999999,1.591648,2.537748,3.832118
-10.44,-3.726908,-2.484182,-1.578796,-0.7830866,-0.0291937,0.7788428,1.595782,2.540414,3.84142
-10.4,-3.723366,-2.481538,-1.578496,-0.7799022,-0.0244223,0.774631199999999,1.598052,2.53357,3.845502
-10.36,-3.733062,-2.47683,-1.576384,-0.7753788,-0.024775,0.7730622,1.594894,2.5326,3.847342
-10.32,-3.737876,-2.480382,-1.58865,-0.7780814,-0.03492,0.7676542,1.595238,2.52873,3.843432
-10.28,-3.747928,-2.478964,-1.585802,-0.7787696,-0.0375906,0.7639228,1.594484,2.525892,3.851924
-10.24,-3.7409,-2.48336,-1.581374,-0.789301,-0.029184,0.768026399999999,1.593184,2.531458,3.84696
-10.2,-3.738894,-2.481818,-1.571876,-0.781709,-0.0278161,0.7704438,1.596164,2.533922,3.847586
-10.16,-3.729058,-2.487628,-1.56263,-0.7781556,-0.0270364,0.762603,1.593062,2.5255,3.849956
-10.12,-3.73955,-2.491632,-1.563968,-0.7791596,-0.0248696,0.766024199999999,1.591004,2.534458,3.845494
-10.08,-3.738958,-2.493306,-1.569302,-0.7780546,-0.0245109,0.7581118,1.581244,2.53964,3.832802
-10.04,-3.734648,-2.500278,-1.563366,-0.7708594,-0.0187174,0.7532546,1.57581,2.535682,3.848854
-10,-3.724042,-2.504066,-1.562378,-0.778947,-0.0153795,0.752599199999999,1.57332,2.532558,3.847722
-9.96,-3.726874,-2.509952,-1.564394,-0.7710498,-0.0204425,0.7548208,1.5694,2.532612,3.858242
-9.92,-3.73927,-2.514092,-1.562842,-0.7674598,-0.022459,0.7527332,1.570144,2.528086,3.859432
-9.88,-3.751938,-2.521664,-1.56465,-0.75874,-0.0258058,0.7577138,1.567654,2.523972,3.855516
-9.84,-3.734744,-2.516422,-1.56188,-0.7575838,-0.0178195,0.7504308,1.56838,2.511176,3.850654
-9.8,-3.751072,-2.517794,-1.56855,-0.7574756,-0.0205592,0.7495318,1.57221,2.516824,3.855106
-9.76,-3.752512,-2.520756,-1.56718,-0.7579744,-0.0138328,0.7507324,1.578684,2.511858,3.862204
-9.72,-3.756876,-2.52868,-1.568428,-0.7559214,-0.00883577,0.756411,1.570474,2.508976,3.855722
-9.68,-3.763056,-2.532488,-1.566454,-0.7563092,-0.0073253,0.761853599999999,1.571542,2.504714,3.845462
-9.64,-3.761534,-2.540392,-1.562436,-0.7510932,-0.0113421,0.756860199999999,1.568922,2.514494,3.856752
-9.6,-3.769074,-2.54344,-1.564702,-0.748694,-0.0192396,0.749499999999999,1.566938,2.50719,3.858638
-9.56,-3.772932,-2.549682,-1.564236,-0.7461724,-0.0152694,0.7569188,1.571128,2.506676,3.851932
-9.52,-3.763594,-2.541954,-1.561706,-0.745306,-0.00913714,0.76613,1.568058,2.509492,3.848248
-9.48,-3.772108,-2.539458,-1.5586,-0.7488544,-0.00286579,0.7699482,1.56221,2.508634,3.84547
-9.44,-3.78118,-2.53362,-1.563572,-0.7549932,-0.00656629,0.7657266,1.560088,2.500854,3.85238
-9.4,-3.781748,-2.532922,-1.562938,-0.7484154,0.00625705,0.770964,1.555454,2.496904,3.865508
-9.36,-3.783646,-2.538022,-1.554414,-0.7465172,0.0055215,0.764806799999999,1.556946,2.491714,3.86674
-9.32,-3.787424,-2.535678,-1.551358,-0.7468256,0.00413772,0.7581578,1.550476,2.49183,3.86361
-9.28,-3.793358,-2.541216,-1.560168,-0.7442048,0.00249114,0.7553076,1.553278,2.483104,3.861792
-9.24,-3.796016,-2.548776,-1.556152,-0.7458316,0.0107066,0.759347,1.555386,2.47629,3.854218
-9.2,-3.793798,-2.543128,-1.56102,-0.7506254,0.010988,0.7602436,1.564852,2.48139,3.842212
-9.16,-3.789058,-2.539106,-1.564922,-0.7534356,0.0227723,0.7618024,1.57358,2.478158,3.85227
-9.12,-3.781926,-2.544374,-1.564614,-0.7488788,0.0212052,0.7577516,1.57306,2.472428,3.857578
-9.08,-3.783904,-2.538526,-1.568754,-0.7397338,0.0227108,0.7624446,1.571688,2.475688,3.865176
-9.04,-3.777894,-2.547008,-1.56251,-0.7353314,0.0208879,0.7551066,1.57512,2.47026,3.865976
-9,-3.773392,-2.542026,-1.558718,-0.7331782,0.0233457,0.7479926,1.582792,2.464498,3.875194
-8.96,-3.77664,-2.540354,-1.550274,-0.7361088,0.0239575,0.7407814,1.578574,2.46374,3.880968
-8.92,-3.780928,-2.532262,-1.556636,-0.7354278,0.0272123,0.743370199999999,1.580782,2.46769,3.885326
-8.88,-3.773766,-2.534968,-1.54956,-0.7267468,0.0254617,0.7386884,1.575282,2.469226,3.884456
-8.84,-3.769832,-2.531346,-1.551168,-0.7269516,0.0188421,0.738951,1.577258,2.46987,3.884648
-8.8,-3.762654,-2.52752,-1.551104,-0.736056,0.0153182,0.735086399999999,1.572732,2.457908,3.872032
-8.76,-3.768336,-2.533518,-1.551108,-0.7367812,0.0190336,0.7350934,1.563648,2.446952,3.858562
-8.72,-3.77528,-2.526234,-1.549618,-0.7245788,0.0186381,0.736248799999999,1.561928,2.45306,3.85724
-8.68,-3.778344,-2.53587,-1.548962,-0.7189682,0.018179,0.7437852,1.569368,2.458764,3.8519
-8.64,-3.77309,-2.531132,-1.553408,-0.7228534,0.0163861,0.7428348,1.554638,2.463636,3.860432
-8.6,-3.764452,-2.531012,-1.558496,-0.7291236,0.0275087,0.758683399999999,1.54522,2.464092,3.844574
-8.56,-3.749552,-2.525844,-1.56896,-0.7338512,0.0278982,0.7713294,1.540012,2.448952,3.846596
-8.52,-3.74532,-2.521848,-1.57324,-0.7325854,0.0267755,0.7744966,1.533944,2.432604,3.843674
-8.48,-3.747668,-2.520616,-1.56547,-0.728671,0.0295202,0.768708,1.536734,2.431548,3.851498
-8.44,-3.7548,-2.52369,-1.565542,-0.7268442,0.0225927,0.765225599999999,1.547056,2.43298,3.844782
-8.4,-3.771356,-2.52186,-1.551812,-0.7253374,0.0349765,0.763032199999999,1.552482,2.432024,3.830492
-8.36,-3.774984,-2.527102,-1.553638,-0.7227376,0.0317011,0.764944,1.552988,2.431144,3.826426
-8.32,-3.773262,-2.523498,-1.554588,-0.7192804,0.0326142,0.774636999999999,1.553038,2.431568,3.821024
-8.28,-3.779556,-2.527826,-1.553834,-0.7224776,0.0391065,0.7800658,1.54243,2.437054,3.826308
-8.24,-3.77427,-2.532362,-1.552562,-0.7123968,0.0293351,0.7796134,1.540228,2.44075,3.829246
-8.2,-3.772706,-2.538288,-1.54837,-0.7039448,0.0352204,0.7735702,1.543602,2.444192,3.841858
-8.16,-3.768632,-2.540368,-1.552108,-0.6985824,0.0421971,0.7689002,1.548666,2.445106,3.858008
-8.12,-3.769024,-2.545976,-1.547132,-0.7052126,0.0479087,0.7659526,1.554848,2.451634,3.869426
-8.08,-3.777388,-2.548378,-1.544052,-0.6980212,0.0465013,0.770501,1.549548,2.446778,3.877756
-8.04,-3.788138,-2.54952,-1.554248,-0.7055036,0.0420046,0.7713674,1.549634,2.453622,3.886012
-8,-3.794764,-2.559316,-1.554234,-0.714151,0.0399076,0.763655,1.554848,2.447002,3.899438
-7.96,-3.79054,-2.559216,-1.55177,-0.7159942,0.0437268,0.7593604,1.545854,2.453664,3.89836
-7.92,-3.785794,-2.56045,-1.551766,-0.7159878,0.0352003,0.7521116,1.552416,2.45704,3.897484
-7.88,-3.793636,-2.562262,-1.554982,-0.7198328,0.0296595,0.7473724,1.55114,2.451998,3.902592
-7.84,-3.78824,-2.563786,-1.555812,-0.7184288,0.0273274,0.7407176,1.558084,2.451474,3.907868
-7.8,-3.794752,-2.560604,-1.554046,-0.7247996,0.0287232,0.735870199999999,1.567542,2.447468,3.9065
-7.76,-3.805088,-2.557336,-1.555242,-0.7187224,0.0287902,0.734966,1.566292,2.447984,3.898452
-7.72,-3.798926,-2.556364,-1.565754,-0.7201232,0.0287674,0.7343626,1.573728,2.44644,3.90205
-7.68,-3.79339,-2.556948,-1.55754,-0.7204132,0.0246141,0.734561999999999,1.582346,2.453796,3.907756
-7.64,-3.778422,-2.553112,-1.562172,-0.7247164,0.024905,0.7309174,1.594582,2.446478,3.899054
-7.6,-3.765174,-2.540288,-1.558252,-0.7264842,0.0166995,0.733134,1.595994,2.45826,3.894434
-7.56,-3.763288,-2.533362,-1.555198,-0.7262396,0.0141815,0.732632799999999,1.600876,2.459512,3.905826
-7.52,-3.757074,-2.533738,-1.555182,-0.7235102,0.0175182,0.7306388,1.594242,2.464314,3.90033
-7.48,-3.754368,-2.534732,-1.553886,-0.730183,0.0179532,0.7327502,1.596214,2.465282,3.905698
-7.44,-3.767758,-2.521506,-1.549766,-0.7229554,0.032138,0.7252474,1.598084,2.469178,3.916192
-7.4,-3.764454,-2.51586,-1.551082,-0.721288,0.0292128,0.719098,1.59265,2.472834,3.910846
-7.36,-3.781492,-2.509382,-1.54848,-0.721581,0.0261271,0.7181538,1.60217,2.474368,3.924856
-7.32,-3.77856,-2.506694,-1.5503,-0.7224578,0.0327335,0.7139482,1.594764,2.4891,3.92094
-7.28,-3.782962,-2.515544,-1.549026,-0.7216414,0.0424513,0.7135936,1.590548,2.485538,3.911864
-7.24,-3.780814,-2.507734,-1.552872,-0.714662,0.0345576,0.7126986,1.58044,2.4874,3.928016
-7.2,-3.789674,-2.501752,-1.55356,-0.7211256,0.0283136,0.7093886,1.577126,2.483398,3.912216
-7.16,-3.789634,-2.49358,-1.558522,-0.7132696,0.0325403,0.7050854,1.57269,2.475098,3.917282
-7.12,-3.780722,-2.499668,-1.552564,-0.7250908,0.0303784,0.7131198,1.573338,2.48705,3.913488
-7.08,-3.766662,-2.504238,-1.552142,-0.725543,0.0315622,0.716970199999999,1.572322,2.483444,3.91531
-7.04,-3.766386,-2.499444,-1.554056,-0.7192284,0.0278065,0.7113506,1.560026,2.487784,3.91155
-7,-3.767582,-2.508814,-1.549734,-0.7150862,0.0221843,0.716587,1.562166,2.490966,3.915036
-6.96,-3.765372,-2.506084,-1.54562,-0.7202634,0.0228523,0.7190758,1.56035,2.492566,3.914068
-6.92,-3.761842,-2.51512,-1.555356,-0.7200244,0.0156877,0.7245334,1.557558,2.49428,3.917856
-6.88,-3.756994,-2.516896,-1.559116,-0.724752,0.0132054,0.727643599999998,1.553446,2.491764,3.921428
-6.84,-3.75572,-2.515104,-1.560512,-0.719806,0.0143136,0.7308148,1.555478,2.49209,3.917122
-6.8,-3.754538,-2.511478,-1.561246,-0.7189824,0.00825427,0.7269658,1.55171,2.49646,3.93366
-6.76,-3.759662,-2.514002,-1.560564,-0.7190002,0.00709417,0.7244706,1.559392,2.498244,3.927566
-6.72,-3.757648,-2.517078,-1.562122,-0.719145,0.00413304,0.7218372,1.55688,2.500434,3.931614
-6.68,-3.759978,-2.516796,-1.568012,-0.7220742,0.000145224,0.7254808,1.559328,2.500338,3.93745
-6.64,-3.757288,-2.511794,-1.566548,-0.7203208,0.00136368,0.7238364,1.557726,2.51036,3.94463
-6.6,-3.75245,-2.500494,-1.564908,-0.7206136,0.00147012,0.730169,1.56082,2.517032,3.951612
-6.56,-3.755806,-2.490528,-1.56901,-0.7237962,0.00567612,0.728532599999999,1.554816,2.52664,3.943054
-6.52,-3.751032,-2.492298,-1.573322,-0.7292464,0.00731628,0.7283352,1.557332,2.524056,3.936008
-6.48,-3.754668,-2.498706,-1.57203,-0.728692,0.00799924,0.730094799999999,1.5541,2.53391,3.922666
-6.44,-3.74838,-2.50929,-1.567038,-0.7336254,0.00454024,0.734388,1.554374,2.537484,3.92038
-6.4,-3.741202,-2.506122,-1.561772,-0.7348112,0.00307062,0.7328426,1.556002,2.54716,3.919804
-6.36,-3.741346,-2.511206,-1.569268,-0.7330938,-0.000216747,0.7396394,1.562632,2.550276,3.93229
-6.32,-3.73451,-2.508196,-1.570932,-0.7367078,-0.0104929,0.7471868,1.55226,2.549404,3.942888
-6.28,-3.740924,-2.50628,-1.5671,-0.7332484,-0.00941918,0.7392274,1.55067,2.55148,3.943116
-6.24,-3.747966,-2.50764,-1.57274,-0.7343284,-0.00654609,0.741397799999999,1.555214,2.553204,3.936894
-6.2,-3.748302,-2.503568,-1.571918,-0.736363,-0.0102113,0.7452784,1.55677,2.560798,3.93735
-6.16,-3.745554,-2.495742,-1.573388,-0.7451202,-0.00773337,0.752618599999999,1.555906,2.566324,3.925418
-6.12,-3.747946,-2.48993,-1.582316,-0.7492822,-0.00590925,0.749871799999999,1.553448,2.56582,3.9271
-6.08,-3.74752,-2.484752,-1.57923,-0.7443108,-0.00560272,0.7439838,1.54591,2.566528,3.933344
-6.04,-3.753696,-2.479738,-1.577118,-0.7509428,-0.00385112,0.7430236,1.547996,2.55896,3.91572
-6,-3.74914,-2.48286,-1.573468,-0.7530426,-0.00503618,0.747125399999998,1.550328,2.564876,3.911072
-5.96,-3.74413,-2.485546,-1.576728,-0.757792,-0.00533571,0.7489848,1.554932,2.571364,3.902682
-5.92,-3.744434,-2.486518,-1.580538,-0.753252,-0.00100466,0.752244,1.560532,2.580802,3.902676
-5.88,-3.735002,-2.480072,-1.578988,-0.7528892,0.00840277,0.760135399999999,1.56262,2.579812,3.896806
-5.84,-3.725856,-2.48303,-1.57505,-0.7612882,0.00706304,0.7621652,1.558824,2.573232,3.895816
-5.8,-3.724782,-2.486686,-1.568672,-0.7612178,0.000138873,0.7698668,1.561246,2.574728,3.889192
-5.76,-3.730196,-2.483752,-1.571916,-0.7700316,0.000753323,0.7701588,1.571288,2.57188,3.884198
-5.72,-3.731076,-2.482172,-1.579642,-0.7666072,0.00327206,0.7698692,1.578542,2.575262,3.878554
-5.68,-3.73437,-2.47835,-1.580956,-0.7608494,-0.00189554,0.7741126,1.577684,2.573326,3.872122
-5.64,-3.743176,-2.484304,-1.579698,-0.762145,-0.00908796,0.779653,1.576968,2.571186,3.866014
-5.6,-3.73561,-2.494138,-1.564168,-0.7744552,-0.0140185,0.782220399999999,1.583252,2.570664,3.85833
-5.56,-3.745118,-2.491764,-1.56658,-0.7733424,-0.0235879,0.7767082,1.592086,2.566714,3.861096
-5.52,-3.752604,-2.491974,-1.556074,-0.7786438,-0.022653,0.7686996,1.599088,2.554332,3.868094
-5.48,-3.748374,-2.49487,-1.55881,-0.7782384,-0.0201447,0.776047399999999,1.59884,2.55034,3.872996
-5.44,-3.751068,-2.500182,-1.556318,-0.7790608,-0.0186665,0.7629,1.600128,2.550768,3.878068
-5.4,-3.750026,-2.499282,-1.566742,-0.7761156,-0.0228531,0.7583388,1.596736,2.557704,3.882868
-5.36,-3.75212,-2.49712,-1.565006,-0.7727612,-0.0291144,0.7613898,1.600068,2.561196,3.88738
-5.32,-3.767028,-2.492834,-1.573794,-0.7698584,-0.0337739,0.761418799999999,1.60104,2.569132,3.886756
-5.28,-3.760414,-2.496368,-1.580566,-0.7631256,-0.0246256,0.7580436,1.604012,2.566998,3.88544
-5.24,-3.775812,-2.494732,-1.575344,-0.769409,-0.022661,0.7565876,1.603244,2.565912,3.885826
-5.2,-3.778332,-2.491674,-1.587472,-0.7743868,-0.0203292,0.761824599999999,1.605702,2.561098,3.889422
-5.16,-3.77754,-2.491206,-1.588924,-0.783177,-0.0234265,0.762093,1.601682,2.561714,3.89911
-5.12,-3.78482,-2.494876,-1.587194,-0.7970742,-0.0253608,0.771025399999999,1.609682,2.5615,3.89601
-5.08,-3.787206,-2.500578,-1.590698,-0.794687,-0.0243963,0.7699524,1.603094,2.550676,3.896338
-5.04,-3.775576,-2.509562,-1.585804,-0.7901954,-0.0270171,0.769572799999999,1.603384,2.549458,3.901822
-5,-3.786266,-2.507072,-1.583414,-0.7926728,-0.0340489,0.776678999999999,1.605192,2.554058,3.901314
-4.96,-3.779924,-2.512116,-1.58883,-0.7905774,-0.0368701,0.777908599999999,1.602098,2.55718,3.90302
-4.92,-3.776482,-2.514456,-1.591142,-0.7858644,-0.0365633,0.7688454,1.60522,2.55145,3.905964
-4.88,-3.769634,-2.518096,-1.594622,-0.788392,-0.0455888,0.7670568,1.605248,2.553328,3.89951
-4.84,-3.773086,-2.51559,-1.592848,-0.7921826,-0.046213,0.7580178,1.603658,2.549204,3.90053
-4.8,-3.77688,-2.520272,-1.589342,-0.793779,-0.0417176,0.7662042,1.614666,2.549134,3.90127
-4.76,-3.78467,-2.514378,-1.591252,-0.7925156,-0.0431777,0.767666,1.620234,2.556218,3.89843
-4.72,-3.793452,-2.515352,-1.597892,-0.7948908,-0.0382166,0.7705714,1.617754,2.563562,3.897916
-4.68,-3.780314,-2.51905,-1.599098,-0.7917292,-0.0401318,0.767099399999999,1.622232,2.562212,3.899594
-4.64,-3.792874,-2.527534,-1.600566,-0.7956142,-0.0401879,0.7635618,1.623736,2.575078,3.892154
-4.6,-3.779544,-2.52586,-1.6072,-0.7912516,-0.0358531,0.7692384,1.623788,2.56512,3.89098
-4.56,-3.773856,-2.534142,-1.611138,-0.7885994,-0.0301574,0.7687548,1.62769,2.563152,3.896974
-4.52,-3.771116,-2.536868,-1.607706,-0.7849698,-0.0310085,0.771583,1.617506,2.563656,3.894444
-4.48,-3.779586,-2.539934,-1.593416,-0.7797816,-0.0294434,0.7724242,1.619116,2.56014,3.904516
-4.44,-3.787556,-2.537688,-1.594108,-0.7838078,-0.0261013,0.780345199999999,1.613878,2.56119,3.884258
-4.4,-3.788752,-2.533386,-1.587736,-0.7923038,-0.0301606,0.7762236,1.61179,2.557994,3.873844
-4.36,-3.788692,-2.544016,-1.592446,-0.7975402,-0.0301112,0.7720206,1.613072,2.553556,3.877094
-4.32,-3.787354,-2.530248,-1.597514,-0.800511,-0.0222558,0.7707436,1.613416,2.554898,3.880118
-4.28,-3.795774,-2.527316,-1.598856,-0.790468,-0.0235005,0.773176799999999,1.618268,2.570032,3.862514
-4.24,-3.782196,-2.535094,-1.590078,-0.7841326,-0.0316091,0.767664199999998,1.615982,2.565714,3.865444
-4.2,-3.789494,-2.532426,-1.587858,-0.7877398,-0.0298199,0.7707018,1.609458,2.568692,3.867652
-4.16,-3.781998,-2.535792,-1.60042,-0.7911808,-0.0254281,0.7645212,1.613872,2.562326,3.863844
-4.12,-3.777686,-2.535178,-1.598004,-0.7959972,-0.0178553,0.762271799999999,1.614934,2.567324,3.862946
-4.08,-3.773114,-2.542362,-1.602838,-0.788356,-0.019976,0.763088,1.603998,2.574056,3.866608
-4.04,-3.77006,-2.540686,-1.600842,-0.7901094,-0.0212138,0.7628682,1.59861,2.58036,3.865966
-4,-3.759906,-2.544578,-1.59621,-0.788029,-0.0151809,0.765554599999999,1.60561,2.58486,3.87473
-3.96,-3.758506,-2.545332,-1.593032,-0.7814536,-0.0114637,0.766269,1.60846,2.585228,3.872572
-3.92,-3.76389,-2.54274,-1.59869,-0.7738832,-0.00991493,0.761276599999999,1.606652,2.57882,3.85707
-3.88,-3.770162,-2.554818,-1.60387,-0.769855,-0.0100081,0.7586144,1.60744,2.579982,3.850812
-3.84,-3.764182,-2.55778,-1.604468,-0.768003,-0.00952652,0.7492764,1.607046,2.583078,3.849888
-3.8,-3.756272,-2.552974,-1.600364,-0.7699066,-0.00681001,0.748030199999999,1.601606,2.566626,3.837604
-3.76,-3.757556,-2.558428,-1.60668,-0.7789254,-0.00727158,0.750440399999999,1.60207,2.572024,3.827902
-3.72,-3.75497,-2.553838,-1.605774,-0.7814742,-0.00331305,0.7539194,1.602188,2.583278,3.832218
-3.68,-3.76253,-2.55086,-1.599836,-0.7713766,-0.005072,0.752566599999998,1.606538,2.577214,3.843938
-3.64,-3.773792,-2.548518,-1.601532,-0.7738644,-0.00183899,0.7561694,1.60977,2.572568,3.84789
-3.6,-3.771122,-2.549062,-1.600648,-0.7739104,-0.00451112,0.7533882,1.604982,2.570052,3.84582
-3.56,-3.77064,-2.56042,-1.592934,-0.7641584,-0.0063852,0.752399199999998,1.603616,2.567444,3.845346
-3.52,-3.768506,-2.561764,-1.59758,-0.758362,-0.0032304,0.756397999999999,1.596524,2.569958,3.85818
-3.48,-3.76738,-2.560092,-1.605788,-0.7628176,0.00332046,0.7605306,1.602894,2.568682,3.858652
-3.44,-3.766066,-2.560666,-1.608138,-0.7739556,-0.000110522,0.75692,1.6102,2.564514,3.85301
-3.4,-3.768486,-2.556468,-1.600488,-0.7681934,0.00248528,0.7543592,1.61197,2.570928,3.857052
-3.36,-3.763138,-2.558236,-1.59558,-0.7581488,-0.00487061,0.7541964,1.61657,2.563142,3.860996
-3.32,-3.760142,-2.55303,-1.602392,-0.7572638,-0.0108533,0.7618098,1.620586,2.560044,3.862464
-3.28,-3.75355,-2.553204,-1.610862,-0.7606276,-0.00214544,0.7645208,1.614722,2.554676,3.850454
-3.24,-3.75205,-2.546798,-1.607158,-0.7596194,0.00230984,0.766133199999999,1.615722,2.55482,3.849656
-3.2,-3.746762,-2.539252,-1.603364,-0.7621264,0.00391825,0.760309599999999,1.615002,2.55856,3.848574
-3.16,-3.736216,-2.537038,-1.608526,-0.764549,-0.000937775,0.762364199999999,1.619474,2.55808,3.85674
-3.12,-3.736884,-2.543854,-1.6053,-0.7658058,0.00501847,0.767743,1.62649,2.565966,3.861086
-3.08,-3.745978,-2.55202,-1.602714,-0.7638856,0.00620257,0.770747,1.62248,2.554558,3.859874
-3.04,-3.72851,-2.56134,-1.602604,-0.764772,0.00486732,0.7755544,1.631938,2.552728,3.852018
-3,-3.73344,-2.558654,-1.593528,-0.7669198,0.0028644,0.7733238,1.644094,2.54724,3.861976
-2.96,-3.740182,-2.556456,-1.595496,-0.7702302,0.00789008,0.7695164,1.638072,2.55618,3.863542
-2.92,-3.739568,-2.557384,-1.608356,-0.7727446,0.0141314,0.773352,1.633364,2.556276,3.865106
-2.88,-3.737438,-2.559278,-1.603634,-0.7728434,0.0174904,0.7723858,1.638396,2.558168,3.870854
-2.84,-3.738246,-2.555252,-1.605556,-0.76914,0.0174561,0.7756478,1.634878,2.545672,3.871364
-2.8,-3.736698,-2.560516,-1.599322,-0.7771724,0.0149436,0.775004599999998,1.6319,2.562762,3.875516
-2.76,-3.73964,-2.558356,-1.593256,-0.7809044,0.0147068,0.7735398,1.621218,2.570972,3.873328
-2.72,-3.744146,-2.549244,-1.58927,-0.7801156,0.0131487,0.776177,1.627276,2.559414,3.878138
-2.68,-3.745892,-2.559388,-1.59543,-0.7793576,0.0130625,0.772785,1.62519,2.558252,3.877982
-2.64,-3.74036,-2.552322,-1.600186,-0.784287,0.0119012,0.770844599999999,1.621244,2.549576,3.866162
-2.6,-3.73683,-2.546714,-1.596952,-0.7872896,0.00514114,0.762852,1.61895,2.546292,3.858946
-2.56,-3.73186,-2.548104,-1.592186,-0.7883562,0.00931117,0.7798494,1.620438,2.547054,3.858906
-2.52,-3.72052,-2.547708,-1.588114,-0.7907108,0.0122167,0.7745336,1.620442,2.543864,3.85431
-2.48,-3.71144,-2.546244,-1.582464,-0.7895636,0.00581867,0.7800344,1.625378,2.539548,3.863572
-2.44,-3.70863,-2.543536,-1.579938,-0.786669,-0.00294166,0.776556199999999,1.620536,2.535206,3.872054
-2.4,-3.722648,-2.545756,-1.577566,-0.787934,0.000426635,0.784112199999999,1.622752,2.529722,3.876888
-2.36,-3.730386,-2.545154,-1.581128,-0.7876732,0.000821669,0.7800664,1.625528,2.528884,3.875046
-2.32,-3.73137,-2.534322,-1.583834,-0.784366,-0.00651674,0.7901472,1.619098,2.525386,3.878472
-2.28,-3.722864,-2.534074,-1.584028,-0.78148,-0.00613139,0.799005,1.622482,2.523308,3.887132
-2.24,-3.72153,-2.537778,-1.586172,-0.785842,-0.00782152,0.804209599999999,1.628858,2.532762,3.88079
-2.2,-3.720822,-2.527934,-1.593272,-0.7826396,-0.0127542,0.803463799999999,1.638814,2.529616,3.875214
-2.16,-3.723406,-2.521436,-1.598894,-0.7751126,-0.0205938,0.796744799999999,1.641622,2.52063,3.876792
-2.12,-3.718714,-2.516842,-1.598816,-0.7779604,-0.0297188,0.7989618,1.639902,2.52619,3.880982
-2.08,-3.723048,-2.52421,-1.592058,-0.7806346,-0.0326602,0.792720399999999,1.641122,2.532164,3.883984
-2.04,-3.73184,-2.523704,-1.599426,-0.7806266,-0.0392317,0.797554399999999,1.635856,2.527712,3.88687
-2,-3.748506,-2.527016,-1.58832,-0.7779598,-0.040217,0.7844734,1.62706,2.531606,3.879318
-1.96,-3.752396,-2.524034,-1.591348,-0.7795974,-0.0375898,0.783401799999999,1.615482,2.535926,3.881306
-1.92,-3.753268,-2.52597,-1.598922,-0.7840406,-0.0360492,0.7857804,1.621478,2.528252,3.873776
-1.88,-3.75527,-2.523242,-1.598988,-0.7815796,-0.0389511,0.7914576,1.609772,2.530046,3.88064
-1.84,-3.758386,-2.530112,-1.602358,-0.7835516,-0.0325283,0.7811816,1.607154,2.542714,3.89221
-1.8,-3.760644,-2.531854,-1.600166,-0.788923,-0.031067,0.7794848,1.607586,2.543182,3.89357
-1.76,-3.75857,-2.53078,-1.584232,-0.786757,-0.0281033,0.7807714,1.609176,2.545836,3.896376
-1.72,-3.758842,-2.535586,-1.58643,-0.7861848,-0.0292279,0.7842996,1.60659,2.543612,3.896842
-1.68,-3.749564,-2.535716,-1.5829,-0.7905956,-0.0272818,0.782655,1.612506,2.553138,3.899842
-1.64,-3.741518,-2.522202,-1.5884,-0.791134,-0.0263252,0.786055799999999,1.6051,2.556572,3.885652
-1.6,-3.748004,-2.5192,-1.585912,-0.7919192,-0.0222222,0.780884399999999,1.599464,2.55789,3.895586
-1.56,-3.749014,-2.518114,-1.59548,-0.7888324,-0.023371,0.7787784,1.59898,2.559484,3.905504
-1.52,-3.753464,-2.518594,-1.592914,-0.7872448,-0.0200634,0.773738,1.595536,2.55728,3.90634
-1.48,-3.764944,-2.518902,-1.58976,-0.7911208,-0.0132899,0.772558799999999,1.595894,2.557874,3.910476
-1.44,-3.764546,-2.515004,-1.582132,-0.7926106,-0.0189185,0.766984799999999,1.592782,2.556224,3.899726
-1.4,-3.762828,-2.516638,-1.586704,-0.7957178,-0.0166632,0.7671388,1.595084,2.563544,3.891922
-1.36,-3.75475,-2.519366,-1.585952,-0.795875,-0.0263276,0.7659742,1.59653,2.570096,3.887744
-1.32,-3.769904,-2.522664,-1.575174,-0.7971944,-0.0309288,0.7602838,1.595994,2.575268,3.881266
-1.28,-3.790328,-2.523514,-1.570856,-0.7965354,-0.0408711,0.7584736,1.597012,2.579912,3.874354
-1.24,-3.780652,-2.521906,-1.564114,-0.8029024,-0.0469361,0.7573618,1.599414,2.576932,3.880494
-1.2,-3.773166,-2.52982,-1.567108,-0.8104128,-0.0500787,0.751903199999999,1.602514,2.58114,3.876184
-1.16,-3.764604,-2.525472,-1.560786,-0.8068268,-0.0432706,0.7583318,1.597804,2.588296,3.869484
-1.12,-3.754104,-2.53554,-1.565142,-0.7950726,-0.0423014,0.7505132,1.596712,2.583518,3.87635
-1.08,-3.758504,-2.541394,-1.56449,-0.7943048,-0.0414356,0.7403764,1.598202,2.589398,3.88019
-1.04,-3.765232,-2.555394,-1.560482,-0.7940042,-0.0451732,0.736317,1.59,2.595666,3.899834
-1,-3.764212,-2.548604,-1.562512,-0.7913376,-0.0496883,0.740496799999999,1.588376,2.598562,3.900024
-0.960000000000001,-3.765462,-2.544718,-1.56007,-0.7882848,-0.0440305,0.740893599999998,1.586542,2.604522,3.894502
-0.92,-3.756784,-2.539398,-1.562058,-0.7750454,-0.0401345,0.7439942,1.590542,2.59766,3.88843
-0.880000000000001,-3.75418,-2.531368,-1.557898,-0.7746504,-0.0453834,0.7406354,1.59139,2.595626,3.878898
-0.84,-3.740552,-2.543942,-1.558568,-0.7712798,-0.0357471,0.744472999999998,1.588688,2.597302,3.885232
-0.800000000000001,-3.759752,-2.535688,-1.55457,-0.7867224,-0.0397909,0.7463814,1.583742,2.600374,3.8832
-0.76,-3.758704,-2.52416,-1.553452,-0.7827594,-0.0377419,0.741362599999999,1.579938,2.601272,3.879182
-0.720000000000001,-3.765344,-2.509084,-1.553618,-0.7839022,-0.0392878,0.7370832,1.576746,2.60573,3.888856
-0.68,-3.76633,-2.50889,-1.549546,-0.7834896,-0.0351156,0.7398754,1.56088,2.606834,3.88613
-0.640000000000001,-3.762236,-2.503132,-1.541616,-0.782946,-0.027981,0.7394668,1.556016,2.610768,3.881984
-0.6,-3.762078,-2.49409,-1.544558,-0.7817802,-0.0202522,0.734405999999999,1.566762,2.611018,3.874686
-0.56,-3.758638,-2.49493,-1.542338,-0.7923908,-0.0274686,0.7294618,1.564784,2.601724,3.879442
-0.52,-3.749558,-2.492868,-1.545808,-0.7882832,-0.027966,0.7255792,1.567338,2.592772,3.884734
-0.48,-3.753108,-2.483792,-1.539604,-0.7854254,-0.0263277,0.731800399999999,1.57424,2.59534,3.877618
-0.44,-3.751908,-2.486816,-1.537804,-0.781754,-0.0204832,0.733942399999999,1.576164,2.593296,3.858554
-0.4,-3.746942,-2.485904,-1.533238,-0.7874338,-0.021065,0.7367668,1.570808,2.594572,3.859338
-0.359999999999999,-3.74745,-2.490082,-1.537514,-0.7877442,-0.023747,0.743089999999999,1.559378,2.597542,3.86349
-0.32,-3.745262,-2.474808,-1.52509,-0.7907988,-0.0202445,0.7403888,1.558472,2.5961,3.857606
-0.279999999999999,-3.740416,-2.47993,-1.52963,-0.7874648,-0.00878417,0.7373176,1.553296,2.595964,3.85763
-0.24,-3.739264,-2.49162,-1.533832,-0.7795396,-0.0129502,0.738918,1.551738,2.599104,3.844508
-0.199999999999999,-3.740756,-2.485736,-1.526532,-0.7718368,-0.0151102,0.747525,1.553638,2.59039,3.846034
-0.16,-3.75554,-2.480932,-1.524036,-0.7654776,-0.0126233,0.7450378,1.557468,2.574556,3.846246
-0.119999999999999,-3.766116,-2.47742,-1.52303,-0.7581622,-0.00587901,0.739131599999999,1.54669,2.571204,3.84824
-0.0800000000000001,-3.758184,-2.478704,-1.52607,-0.7562232,-0.00763466,0.741588,1.54563,2.57491,3.844922
-0.0399999999999991,-3.767856,-2.48344,-1.528454,-0.75615,-0.0046094,0.745465999999999,1.540248,2.571694,3.842332
0,-3.781232,-2.4787,-1.528904,-0.7592268,-0.00304706,0.7466198,1.545602,2.566162,3.84571
0.0399999999999991,-3.774796,-2.477426,-1.531584,-0.7490074,0.00956025,0.7534886,1.557332,2.556738,3.844948
0.0800000000000001,-3.769006,-2.4799,-1.52704,-0.7477588,0.0147852,0.7474544,1.552402,2.546194,3.851118
0.119999999999999,-3.764452,-2.48099,-1.534598,-0.7385502,0.0110753,0.745456,1.547284,2.53772,3.851314
0.16,-3.772664,-2.481892,-1.535882,-0.732646,0.0049702,0.739878199999999,1.551326,2.53553,3.863624
0.199999999999999,-3.783814,-2.480162,-1.529266,-0.7341336,0.00547693,0.739880599999999,1.549382,2.53134,3.866152
0.24,-3.784678,-2.47861,-1.533642,-0.7317692,0.00276418,0.749576599999999,1.546722,2.530476,3.86425
0.279999999999999,-3.785642,-2.485572,-1.53081,-0.7220168,0.00924555,0.754037599999999,1.547848,2.541926,3.870606
0.32,-3.775056,-2.480648,-1.527182,-0.7213276,0.0149557,0.767544399999999,1.554076,2.53276,3.864864
0.359999999999999,-3.7717,-2.47761,-1.530306,-0.7103466,0.010311,0.76971,1.5574,2.532614,3.85748
0.4,-3.784078,-2.481462,-1.523032,-0.7182782,0.0203975,0.770016999999999,1.558374,2.522608,3.85079
0.44,-3.78671,-2.479578,-1.518128,-0.7156916,0.0162889,0.7703974,1.555752,2.513524,3.856074
0.48,-3.784996,-2.480472,-1.519672,-0.716226,0.0177819,0.7783222,1.553098,2.507146,3.856532
0.52,-3.78937,-2.478222,-1.5223,-0.7122346,0.00735174,0.778474,1.550322,2.505068,3.860338
0.56,-3.798376,-2.474832,-1.527392,-0.7198864,0.0113127,0.7751984,1.555162,2.51267,3.871106
0.6,-3.798148,-2.472918,-1.527364,-0.7152904,0.0102443,0.769253399999999,1.55863,2.508956,3.861066
0.640000000000001,-3.805674,-2.477858,-1.53122,-0.7174144,0.0114907,0.768417599999999,1.547822,2.50403,3.869842
0.68,-3.807438,-2.479292,-1.52949,-0.7106598,0.0167464,0.766611,1.549166,2.500768,3.877126
0.720000000000001,-3.808878,-2.486202,-1.531416,-0.7136714,0.0204436,0.764360999999999,1.545632,2.496598,3.874768
0.76,-3.811376,-2.476304,-1.53336,-0.7135564,0.0250795,0.7538916,1.530638,2.498858,3.861718
0.800000000000001,-3.815088,-2.481044,-1.525408,-0.7145544,0.0245408,0.7553224,1.529534,2.494782,3.867604
0.84,-3.817926,-2.48208,-1.52766,-0.7118136,0.0314905,0.7562756,1.531068,2.49001,3.870214
0.880000000000001,-3.810544,-2.483896,-1.52602,-0.7044674,0.0308684,0.7617192,1.532248,2.493992,3.878858
0.92,-3.81645,-2.488422,-1.528838,-0.713673,0.0318153,0.7615614,1.53184,2.490184,3.873332
0.960000000000001,-3.814302,-2.486118,-1.528998,-0.7052764,0.031391,0.7583952,1.525258,2.48792,3.878694
1,-3.807434,-2.489428,-1.527412,-0.7046514,0.0213183,0.75955,1.522586,2.490724,3.878758
1.04,-3.809994,-2.496772,-1.525902,-0.6987902,0.0276157,0.760332599999999,1.522298,2.486792,3.872346
1.08,-3.808708,-2.492356,-1.52351,-0.6965568,0.0203764,0.7659956,1.523076,2.499372,3.861894
1.12,-3.794604,-2.486204,-1.522044,-0.6969744,0.0286409,0.775165799999999,1.53385,2.505252,3.859174
1.16,-3.797094,-2.490688,-1.52598,-0.7072914,0.0308258,0.7719074,1.535234,2.499174,3.855674
1.2,-3.798942,-2.48897,-1.523834,-0.7141332,0.0287966,0.7712482,1.532408,2.491508,3.861762
1.24,-3.802644,-2.488192,-1.519174,-0.7149266,0.029158,0.7680332,1.53036,2.488304,3.861436
1.28,-3.802472,-2.489908,-1.522452,-0.7071844,0.0373258,0.76386,1.527998,2.488942,3.875832
1.32,-3.810454,-2.49273,-1.52685,-0.7006182,0.0321399,0.761064,1.525754,2.480708,3.879278
1.36,-3.806876,-2.493388,-1.522,-0.7009206,0.033227,0.7573842,1.532718,2.478222,3.879882
1.4,-3.8005,-2.484508,-1.524718,-0.6992596,0.0337394,0.757635199999999,1.534554,2.48414,3.878024
1.44,-3.78021,-2.487764,-1.515862,-0.699657,0.0247024,0.7628658,1.543248,2.47686,3.872898
1.48,-3.778608,-2.4905,-1.511056,-0.7039468,0.0338884,0.7631604,1.555898,2.480322,3.864974
1.52,-3.783564,-2.489782,-1.506438,-0.704924,0.0393569,0.7751066,1.55454,2.471166,3.850556
1.56,-3.790484,-2.495128,-1.502434,-0.7069098,0.0368086,0.777878399999999,1.564646,2.471558,3.84908
1.6,-3.79889,-2.498276,-1.508928,-0.7087172,0.0404952,0.773840599999999,1.570282,2.477908,3.852072
1.64,-3.797458,-2.508166,-1.508274,-0.7085844,0.0440023,0.770556599999999,1.571396,2.469524,3.852104
1.68,-3.795252,-2.50897,-1.508994,-0.70438,0.047304,0.774978599999999,1.565732,2.474546,3.847526
1.72,-3.794676,-2.506806,-1.515242,-0.693926,0.0463237,0.774414,1.571662,2.478884,3.85166
1.76,-3.801194,-2.501734,-1.5177,-0.6950348,0.0446834,0.781526799999999,1.57165,2.489072,3.853774
1.8,-3.800654,-2.501494,-1.51691,-0.6883586,0.0440371,0.777155799999999,1.5611,2.487702,3.860266
1.84,-3.805656,-2.486648,-1.517696,-0.6900704,0.0464606,0.7757194,1.557878,2.490392,3.86315
1.88,-3.81883,-2.478178,-1.507932,-0.6918292,0.0447666,0.769648599999999,1.560746,2.491554,3.866198
1.92,-3.80916,-2.474148,-1.50679,-0.6920628,0.0369602,0.7633134,1.571206,2.485354,3.850306
1.96,-3.814984,-2.475794,-1.498472,-0.6926262,0.0437475,0.7707374,1.579192,2.490496,3.849414
2,-3.818724,-2.487626,-1.501476,-0.6909592,0.0470887,0.774357599999999,1.581256,2.488856,3.849792
2.04,-3.814402,-2.481182,-1.498828,-0.6933214,0.044272,0.7788188,1.576726,2.484382,3.842736
2.08,-3.811634,-2.473754,-1.498988,-0.6919118,0.0553684,0.781291599999999,1.578148,2.477024,3.850496
2.12,-3.81447,-2.470596,-1.501636,-0.6856112,0.0561177,0.7725264,1.575,2.47558,3.85282
2.16,-3.815112,-2.470046,-1.491942,-0.6879356,0.0663435,0.7739194,1.570262,2.475908,3.866042
2.2,-3.82218,-2.46207,-1.489538,-0.6885978,0.066648,0.785396399999999,1.576152,2.479566,3.84501
2.24,-3.813316,-2.451902,-1.49144,-0.6830958,0.0747825,0.7888678,1.579638,2.482878,3.8392
2.28,-3.81957,-2.456772,-1.495746,-0.6808632,0.073844,0.793443399999998,1.59032,2.491886,3.836144
2.32,-3.822472,-2.461884,-1.494986,-0.674142,0.0670025,0.799375799999999,1.58247,2.48236,3.834398
2.36,-3.823004,-2.453942,-1.490912,-0.6828204,0.072815,0.791144599999999,1.584158,2.475008,3.83324
2.4,-3.814804,-2.45004,-1.489084,-0.6833806,0.0779723,0.792806,1.582192,2.482296,3.824194
2.44,-3.80189,-2.447584,-1.496736,-0.6746632,0.0787928,0.789612199999998,1.586768,2.487432,3.830492
2.48,-3.796262,-2.446086,-1.494986,-0.6718178,0.0826675,0.7835706,1.580834,2.490734,3.836182
2.52,-3.794198,-2.44351,-1.498568,-0.6763568,0.0763633,0.779260799999999,1.575454,2.49054,3.833896
2.56,-3.788764,-2.440586,-1.49938,-0.6727952,0.0772183,0.7789118,1.570664,2.494086,3.833634
2.6,-3.78251,-2.438936,-1.489354,-0.6812704,0.0779152,0.7745304,1.579086,2.49592,3.822826
2.64,-3.80414,-2.43892,-1.49137,-0.6807542,0.0759546,0.7735638,1.578652,2.497866,3.822952
2.68,-3.79818,-2.439,-1.47353,-0.6904374,0.0707514,0.771199799999999,1.572468,2.497156,3.822786
2.72,-3.805938,-2.426562,-1.469382,-0.6976014,0.0666185,0.770824199999999,1.568634,2.502278,3.815092
2.76,-3.799242,-2.426168,-1.475632,-0.710934,0.0731115,0.7736644,1.573416,2.50632,3.806792
2.8,-3.79278,-2.42958,-1.47463,-0.7146498,0.065907,0.7709364,1.582762,2.503136,3.803574
2.84,-3.780892,-2.431174,-1.480804,-0.725845,0.0673368,0.773738,1.586204,2.504296,3.804954
2.88,-3.78585,-2.427602,-1.471294,-0.7199542,0.0601154,0.7724866,1.580396,2.50592,3.810316
2.92,-3.781556,-2.427408,-1.463512,-0.7178522,0.0531566,0.768386999999999,1.589306,2.508858,3.802748
2.96,-3.785064,-2.423634,-1.459922,-0.727798,0.0499341,0.7675284,1.59727,2.504668,3.793312
3,-3.800194,-2.432258,-1.45645,-0.7316542,0.0523857,0.7750532,1.599622,2.501536,3.784164
3.04,-3.798652,-2.422154,-1.448738,-0.739906,0.056348,0.7728838,1.596934,2.509026,3.787964
3.08,-3.807222,-2.426728,-1.443046,-0.7366382,0.0486722,0.7720428,1.590024,2.512966,3.795196
3.12,-3.796554,-2.42265,-1.449096,-0.7303812,0.0492695,0.7733914,1.59363,2.52248,3.803398
3.16,-3.801404,-2.4222,-1.442582,-0.7385512,0.0408094,0.7759062,1.588324,2.532608,3.816494
3.2,-3.808614,-2.42401,-1.457596,-0.7323148,0.0453084,0.7826576,1.586826,2.531324,3.815492
3.24,-3.819478,-2.42502,-1.449264,-0.736928,0.0416073,0.785364999999999,1.596436,2.529478,3.817888
3.28,-3.823784,-2.420472,-1.443936,-0.7301406,0.0376383,0.7854684,1.594908,2.533964,3.823566
3.32,-3.817932,-2.418442,-1.446802,-0.7302702,0.0403106,0.7857154,1.600874,2.536506,3.824474
3.36,-3.818744,-2.420238,-1.44798,-0.7230936,0.0414462,0.7802858,1.604266,2.532054,3.829004
3.4,-3.821716,-2.421338,-1.45695,-0.71891,0.0452104,0.780507999999999,1.606434,2.520502,3.830266
3.44,-3.813996,-2.415074,-1.456924,-0.7145922,0.0453532,0.7778186,1.603622,2.520858,3.823406
3.48,-3.815204,-2.410722,-1.45741,-0.7093026,0.0509191,0.777800399999999,1.604782,2.523434,3.816994
3.52,-3.818124,-2.409018,-1.449444,-0.7036408,0.0451953,0.775073,1.594938,2.526516,3.813622
3.56,-3.829432,-2.394206,-1.449642,-0.6944324,0.0407989,0.7709508,1.597382,2.528398,3.806638
3.6,-3.83587,-2.399296,-1.452348,-0.6921842,0.0375532,0.776705199999999,1.596564,2.5243,3.810668
3.64,-3.836772,-2.394112,-1.451116,-0.6844518,0.0315418,0.7757556,1.594676,2.520376,3.812758
3.68,-3.83426,-2.388908,-1.448578,-0.680364,0.033194,0.7766598,1.596752,2.514284,3.81781
3.72,-3.838088,-2.38003,-1.450234,-0.6833196,0.0405197,0.772196399999999,1.597576,2.523984,3.83196
3.76,-3.83219,-2.369198,-1.457252,-0.6921226,0.0457129,0.7671174,1.595622,2.523582,3.841764
3.8,-3.839734,-2.370182,-1.458134,-0.6909264,0.04202,0.756097399999999,1.591702,2.523446,3.844826
3.84,-3.833018,-2.365376,-1.450402,-0.687673,0.0378081,0.7546136,1.585686,2.521104,3.848238
3.88,-3.821248,-2.369122,-1.446546,-0.6951954,0.0353851,0.7546574,1.582906,2.519526,3.840534
3.92,-3.809788,-2.371568,-1.443866,-0.6944774,0.0338246,0.755517,1.581518,2.528358,3.839194
3.96,-3.814752,-2.36792,-1.446086,-0.6839152,0.0343213,0.752999199999999,1.584188,2.527298,3.836864
4,-3.803352,-2.375842,-1.441978,-0.6750982,0.0340208,0.7564196,1.589284,2.531672,3.821102
4.04,-3.796318,-2.380984,-1.445726,-0.6803838,0.0372142,0.7606968,1.600198,2.53389,3.816926
4.08,-3.78688,-2.379834,-1.450784,-0.6762232,0.0396015,0.7607796,1.599402,2.53644,3.826252
4.12,-3.788174,-2.384966,-1.455162,-0.676472,0.0415197,0.7688726,1.597518,2.541124,3.829254
4.16,-3.787956,-2.381326,-1.45745,-0.6789658,0.0516697,0.7746854,1.59566,2.553274,3.829378
4.2,-3.779184,-2.382686,-1.458758,-0.6780926,0.058746,0.7724156,1.594288,2.558338,3.83004
4.24,-3.772448,-2.391768,-1.457436,-0.6804722,0.0556108,0.773961,1.593464,2.56231,3.830804
4.28,-3.776774,-2.399214,-1.457218,-0.6803938,0.0636164,0.774547199999999,1.590424,2.565918,3.835466
4.32,-3.78115,-2.406618,-1.451986,-0.6790414,0.066535,0.778062399999999,1.602998,2.56026,3.843696
4.36,-3.782178,-2.406754,-1.450292,-0.677343,0.0697263,0.7784374,1.614926,2.55433,3.849214
4.4,-3.779566,-2.413026,-1.451762,-0.6744178,0.0700368,0.7886684,1.611944,2.549882,3.863724
4.44,-3.783712,-2.41154,-1.445586,-0.6762262,0.0669007,0.7871406,1.616084,2.54409,3.861664
4.48,-3.787254,-2.402884,-1.450474,-0.6779508,0.0727731,0.782799599999999,1.614082,2.551578,3.859502
4.52,-3.773464,-2.406186,-1.445176,-0.6727768,0.0687093,0.7783052,1.60694,2.552254,3.847412
4.56,-3.76911,-2.406288,-1.439486,-0.67749,0.0769857,0.7743434,1.605656,2.551976,3.851898
4.6,-3.779476,-2.405254,-1.437506,-0.681204,0.0741804,0.7752282,1.607626,2.540988,3.861082
4.64,-3.782062,-2.399024,-1.443092,-0.6848882,0.0808462,0.7754478,1.60733,2.548574,3.863046
4.68,-3.780484,-2.397642,-1.44082,-0.681253,0.0825648,0.7824076,1.608842,2.55209,3.859828
4.72,-3.775262,-2.39244,-1.439006,-0.6812736,0.0858944,0.778108999999999,1.613702,2.566338,3.854752
4.76,-3.769754,-2.400554,-1.434404,-0.6764238,0.0871483,0.779052,1.613248,2.552172,3.859572
4.8,-3.773144,-2.409694,-1.43465,-0.6831242,0.100893,0.7848174,1.604136,2.553582,3.86749
4.84,-3.782208,-2.41571,-1.443952,-0.6862102,0.0946922,0.7824762,1.598996,2.559378,3.855034
4.88,-3.791772,-2.410768,-1.44578,-0.6840888,0.0961685,0.781449,1.599048,2.560328,3.8594
4.92,-3.787682,-2.409796,-1.45344,-0.6895368,0.0981175,0.7800184,1.59936,2.558096,3.860478
4.96,-3.786738,-2.418108,-1.46677,-0.6892294,0.104807,0.7764148,1.611568,2.559296,3.86414
5,-3.788048,-2.417788,-1.467194,-0.6868142,0.108323,0.7732184,1.615476,2.57263,3.859692
5.04,-3.782234,-2.418056,-1.47395,-0.6904872,0.103501,0.7829694,1.613626,2.56383,3.863938
5.08,-3.786682,-2.433922,-1.47346,-0.6858692,0.101794,0.792416,1.61868,2.560008,3.859896
5.12,-3.77914,-2.427882,-1.477142,-0.6889186,0.101005,0.79603,1.617412,2.560728,3.85041
5.16,-3.790952,-2.420282,-1.477894,-0.6797772,0.0938407,0.801302199999999,1.606348,2.561146,3.84648
5.2,-3.788184,-2.425412,-1.472198,-0.6724762,0.0991065,0.8131728,1.61008,2.554834,3.852368
5.24,-3.781252,-2.43066,-1.472328,-0.6686214,0.0945773,0.823106,1.610358,2.555832,3.850758
5.28,-3.79138,-2.438124,-1.479408,-0.6734196,0.0878815,0.834375399999999,1.611786,2.54625,3.85081
5.32,-3.79022,-2.437554,-1.485368,-0.6687342,0.0823649,0.8336882,1.613268,2.552374,3.848886
5.36,-3.792862,-2.441194,-1.485808,-0.662444,0.076735,0.827303399999999,1.609242,2.560228,3.852608
5.4,-3.80292,-2.433938,-1.479164,-0.655311,0.0805909,0.830569999999998,1.60727,2.566148,3.837178
5.44,-3.805116,-2.439394,-1.491494,-0.6587238,0.0835014,0.8232748,1.605654,2.564946,3.846382
5.48,-3.809138,-2.429876,-1.503408,-0.6612776,0.0857366,0.8274392,1.605286,2.570656,3.849806
5.52,-3.803452,-2.426416,-1.502846,-0.6669228,0.08413,0.8349596,1.609576,2.565046,3.856964
5.56,-3.79674,-2.424564,-1.50717,-0.665279,0.0856097,0.829872599999999,1.60433,2.565716,3.84644
5.6,-3.799114,-2.434206,-1.501696,-0.6657924,0.0874357,0.832388599999999,1.602656,2.571288,3.839864
5.64,-3.805096,-2.430104,-1.502682,-0.6676486,0.0907903,0.8424462,1.599078,2.568954,3.841558
5.68,-3.798788,-2.42799,-1.505528,-0.6668388,0.0911368,0.843156599999999,1.59441,2.562218,3.838358
5.72,-3.794984,-2.426732,-1.506584,-0.6684054,0.0871947,0.839155999999999,1.598394,2.561838,3.836302
5.76,-3.811138,-2.429132,-1.506732,-0.6707672,0.0975759,0.8415958,1.592258,2.56229,3.835004
5.8,-3.821238,-2.424934,-1.51116,-0.657369,0.0957414,0.8466468,1.592084,2.562672,3.848348
5.84,-3.828056,-2.431678,-1.507374,-0.6628124,0.102765,0.8500454,1.598678,2.56776,3.849956
5.88,-3.820154,-2.433966,-1.504806,-0.6635166,0.10224,0.8505684,1.601654,2.564404,3.857512
5.92,-3.814778,-2.435256,-1.499028,-0.6652678,0.105055,0.8497998,1.60062,2.561094,3.869594
5.96,-3.811104,-2.441276,-1.498756,-0.6712358,0.100349,0.844946599999999,1.592762,2.560734,3.874844
6,-3.79726,-2.438402,-1.500582,-0.676471,0.104999,0.8486966,1.599162,2.562294,3.880582
6.04,-3.79784,-2.4348,-1.503844,-0.6783924,0.102368,0.8500744,1.59243,2.568864,3.872434
6.08,-3.801182,-2.437112,-1.498752,-0.6867634,0.102091,0.851481399999999,1.58878,2.563516,3.87492
6.12,-3.787888,-2.444532,-1.499284,-0.685068,0.104585,0.853395199999999,1.593552,2.563674,3.871322
6.16,-3.77184,-2.45225,-1.508068,-0.6844518,0.095968,0.8446802,1.59894,2.552376,3.869254
6.2,-3.76166,-2.450962,-1.50576,-0.6881524,0.0991974,0.8436342,1.60226,2.556392,3.865918
6.24,-3.758186,-2.454408,-1.503876,-0.6864634,0.103613,0.8456594,1.600084,2.555634,3.851772
6.28,-3.76295,-2.450554,-1.507662,-0.6876882,0.103587,0.8436844,1.60927,2.560222,3.838888
6.32,-3.756778,-2.445948,-1.512502,-0.6941538,0.105621,0.8410122,1.611168,2.554946,3.841982
6.36,-3.76466,-2.444102,-1.515906,-0.692882,0.112049,0.8467978,1.611442,2.5558,3.841592
6.4,-3.774482,-2.444784,-1.52101,-0.6951684,0.110869,0.846086599999999,1.614948,2.571086,3.848642
6.44,-3.757252,-2.452366,-1.529514,-0.685722,0.111409,0.8399628,1.615718,2.572762,3.853442
6.48,-3.74214,-2.449192,-1.524058,-0.682709,0.0982282,0.8362096,1.617568,2.569216,3.849996
6.52,-3.74263,-2.463838,-1.523672,-0.6843994,0.095533,0.8400338,1.615798,2.567394,3.846146
6.56,-3.7435,-2.452288,-1.520204,-0.6787708,0.0888282,0.8382764,1.61841,2.570602,3.854694
6.6,-3.735398,-2.459302,-1.526668,-0.6830222,0.0867233,0.8411022,1.62836,2.568072,3.851642
6.64,-3.743976,-2.459448,-1.520392,-0.6875318,0.0900862,0.8384738,1.621412,2.567246,3.848108
6.68,-3.753266,-2.462676,-1.51779,-0.687455,0.0905839,0.831836999999999,1.61397,2.557954,3.851796
6.72,-3.75272,-2.4677,-1.523792,-0.6866114,0.0886237,0.8224544,1.616994,2.554304,3.851742
6.76,-3.768692,-2.469614,-1.525872,-0.6919836,0.0805159,0.8163468,1.60711,2.55614,3.863888
6.8,-3.76851,-2.476726,-1.51608,-0.6919208,0.0785675,0.820763399999999,1.616632,2.560432,3.851964
6.84,-3.77497,-2.4779,-1.5184,-0.692887,0.0681634,0.8167184,1.610502,2.560262,3.83622
6.88,-3.752654,-2.470236,-1.52904,-0.6754736,0.0665247,0.822016999999998,1.610456,2.564232,3.834918
6.92,-3.746366,-2.477272,-1.535086,-0.6728736,0.0708897,0.821111399999999,1.612854,2.568416,3.829512
6.96,-3.73418,-2.471944,-1.535498,-0.671591,0.0738441,0.8135862,1.624546,2.55348,3.836908
7,-3.730198,-2.462846,-1.544344,-0.6668218,0.0702403,0.799808399999999,1.624952,2.553924,3.826258
7.04,-3.731126,-2.472926,-1.540834,-0.6603512,0.0692283,0.7922172,1.632002,2.557286,3.82228
7.08,-3.721584,-2.468166,-1.53038,-0.6581804,0.0698448,0.793432799999999,1.637268,2.56096,3.832096
7.12,-3.71649,-2.45655,-1.536288,-0.6520638,0.0740166,0.791355199999999,1.636418,2.555148,3.839122
7.16,-3.708066,-2.458244,-1.532396,-0.6564188,0.0736616,0.797133799999999,1.63676,2.553686,3.84111
7.2,-3.713534,-2.470872,-1.53765,-0.6591354,0.0724582,0.789023799999999,1.634398,2.560072,3.842602
7.24,-3.72318,-2.47181,-1.530548,-0.6543926,0.0715413,0.791552599999999,1.632314,2.565066,3.837912
7.28,-3.715842,-2.464148,-1.52226,-0.6579626,0.0705967,0.790725199999999,1.629272,2.558956,3.834562
7.32,-3.715322,-2.469638,-1.524342,-0.656763,0.0720787,0.7889402,1.627944,2.561394,3.817386
7.36,-3.718624,-2.469514,-1.523544,-0.6512674,0.0706137,0.7928182,1.636532,2.564344,3.824982
7.4,-3.722714,-2.467214,-1.528718,-0.6455366,0.0647366,0.7950752,1.640678,2.567188,3.823828
7.44,-3.734182,-2.459904,-1.522394,-0.6399788,0.0615716,0.8025308,1.633092,2.571246,3.823714
7.48,-3.740976,-2.463194,-1.526934,-0.6458858,0.072895,0.800488199999998,1.629462,2.57764,3.826416
7.52,-3.743176,-2.456448,-1.532624,-0.6436586,0.0723414,0.8010056,1.62059,2.580536,3.828352
7.56,-3.733354,-2.44864,-1.536078,-0.6427528,0.0713917,0.7972458,1.629684,2.581868,3.840222
7.6,-3.747848,-2.454748,-1.525754,-0.6452484,0.0753041,0.7939278,1.635036,2.585602,3.832758
7.64,-3.750036,-2.453486,-1.527548,-0.6455086,0.0802629,0.7932074,1.640016,2.578838,3.843862
7.68,-3.761396,-2.459996,-1.52326,-0.6494624,0.0774891,0.7958096,1.635302,2.573266,3.845648
7.72,-3.749406,-2.454706,-1.524704,-0.6581764,0.0789163,0.7915654,1.635604,2.564342,3.856452
7.76,-3.76028,-2.466794,-1.516574,-0.666459,0.0756853,0.799458399999999,1.632022,2.562632,3.851594
7.8,-3.758364,-2.470772,-1.507876,-0.6757704,0.0873507,0.7861724,1.635752,2.574798,3.852984
7.84,-3.751494,-2.481968,-1.512866,-0.6724884,0.0849071,0.7838946,1.647024,2.587944,3.848426
7.88,-3.757946,-2.478352,-1.517026,-0.6735708,0.0840367,0.7819576,1.652914,2.591358,3.862022
7.92,-3.754746,-2.483576,-1.520678,-0.6728444,0.0758676,0.7769542,1.659258,2.587928,3.876078
7.96,-3.760862,-2.481832,-1.525962,-0.6755552,0.0820368,0.7731858,1.654902,2.600868,3.873234
8,-3.765552,-2.475068,-1.525546,-0.6781524,0.0818122,0.779759399999999,1.646466,2.593988,3.864094
8.04,-3.757686,-2.48062,-1.524322,-0.682985,0.0792357,0.778296399999999,1.635004,2.593196,3.865348
8.08,-3.758794,-2.480238,-1.520348,-0.6972488,0.0779537,0.7755372,1.636622,2.58467,3.86401
8.12,-3.766704,-2.474144,-1.520464,-0.7064522,0.0766549,0.7819704,1.630402,2.59051,3.869642
8.16,-3.76169,-2.47111,-1.512306,-0.7163282,0.0734341,0.7841858,1.62775,2.589124,3.865164
8.2,-3.755674,-2.476012,-1.50898,-0.7102472,0.0704334,0.7868546,1.626378,2.58947,3.862624
8.24,-3.76251,-2.48204,-1.50831,-0.7176696,0.0709104,0.7843648,1.624036,2.588156,3.858812
8.28,-3.75845,-2.486458,-1.506788,-0.721266,0.0743703,0.784866199999999,1.620782,2.586598,3.87439
8.32,-3.762438,-2.485502,-1.507406,-0.7269544,0.0657625,0.784331799999999,1.623302,2.585738,3.863952
8.36,-3.767238,-2.492662,-1.50812,-0.7274766,0.0655374,0.7875904,1.620436,2.5777,3.867782
8.4,-3.78368,-2.497524,-1.513368,-0.7312082,0.0748823,0.7862498,1.62283,2.585654,3.86607
8.44,-3.787598,-2.489462,-1.507298,-0.7251434,0.0713607,0.7838226,1.62638,2.577742,3.867226
8.48,-3.776508,-2.488944,-1.500052,-0.724204,0.0642437,0.7884732,1.623176,2.575626,3.863908
8.52,-3.77058,-2.491716,-1.503904,-0.7248514,0.0638397,0.787409,1.614266,2.581748,3.867838
8.56,-3.769522,-2.484088,-1.510802,-0.7264196,0.0545464,0.7809838,1.613384,2.589278,3.85763
8.6,-3.76436,-2.479956,-1.509686,-0.721605,0.0577151,0.7843168,1.618384,2.591462,3.867218
8.64,-3.755786,-2.478142,-1.511186,-0.7139654,0.0543526,0.7905238,1.61854,2.589038,3.87053
8.68,-3.76099,-2.465364,-1.514286,-0.7185052,0.0536776,0.790073,1.616596,2.588708,3.866284
8.72,-3.765936,-2.458516,-1.516348,-0.7142594,0.0498172,0.7924986,1.607204,2.589168,3.867184
8.76,-3.763998,-2.462594,-1.510576,-0.7224074,0.0579951,0.7904514,1.60888,2.58588,3.868312
8.8,-3.775532,-2.461412,-1.50666,-0.7150036,0.0597405,0.789199,1.613906,2.58938,3.866058
8.84,-3.790008,-2.452594,-1.50146,-0.7200154,0.0603568,0.781513,1.60775,2.580868,3.86133
8.88,-3.781804,-2.458624,-1.49772,-0.7163898,0.0658197,0.781112,1.60524,2.590406,3.858656
8.92,-3.77406,-2.462632,-1.500882,-0.7145932,0.0665165,0.785844399999999,1.607786,2.582474,3.861616
8.96,-3.774268,-2.455886,-1.493942,-0.7132654,0.0621169,0.788556,1.603642,2.575342,3.864904
9,-3.77365,-2.453384,-1.510174,-0.7130436,0.0451512,0.7886338,1.59682,2.571966,3.862656
9.04,-3.76228,-2.458786,-1.516258,-0.7139766,0.0478292,0.7864326,1.607726,2.570188,3.873306
9.08,-3.760348,-2.453864,-1.525704,-0.712361,0.0479662,0.7892784,1.609578,2.558212,3.8721
9.12,-3.756532,-2.455276,-1.522424,-0.7115052,0.0413315,0.7888082,1.600576,2.55368,3.885972
9.16,-3.755808,-2.452754,-1.510848,-0.7077738,0.0428763,0.7909078,1.59928,2.549838,3.890926
9.2,-3.756308,-2.451332,-1.518982,-0.7119404,0.0435351,0.7882404,1.588698,2.555264,3.880406
9.24,-3.765888,-2.45366,-1.531052,-0.7166158,0.0408425,0.783110399999999,1.586092,2.548364,3.887646
9.28,-3.76588,-2.454928,-1.537858,-0.7163748,0.0361279,0.7827132,1.5899,2.54568,3.899604
9.32,-3.761494,-2.455658,-1.541286,-0.7219432,0.0313137,0.7918374,1.587102,2.544794,3.902762
9.36,-3.7601,-2.44716,-1.543336,-0.7194774,0.034227,0.7883886,1.583088,2.547636,3.909596
9.4,-3.760658,-2.453898,-1.544886,-0.7239124,0.0250653,0.8002948,1.577826,2.549642,3.914482
9.44,-3.763838,-2.4649,-1.55002,-0.7236998,0.0188947,0.801910999999999,1.57461,2.552182,3.927066
9.48,-3.759518,-2.467348,-1.549006,-0.7237762,0.0176676,0.793745599999999,1.575978,2.551764,3.932524
9.52,-3.750342,-2.455312,-1.53807,-0.727956,0.0217166,0.787311399999999,1.575508,2.561054,3.947696
9.56,-3.753698,-2.454232,-1.538468,-0.7268744,0.0148066,0.782650399999999,1.57107,2.557706,3.948802
9.6,-3.737356,-2.462352,-1.545866,-0.725388,0.0129577,0.7832408,1.562622,2.561562,3.95007
9.64,-3.731144,-2.462406,-1.554662,-0.7298962,0.0250142,0.7924034,1.557786,2.559398,3.947314
9.68,-3.726102,-2.462026,-1.557798,-0.7255448,0.0244656,0.794685,1.550946,2.55691,3.95036
9.72,-3.71186,-2.464562,-1.555076,-0.7314032,0.0328345,0.794655799999999,1.54364,2.55669,3.953084
9.76,-3.701682,-2.46908,-1.557802,-0.7321262,0.0341367,0.792907999999999,1.542532,2.56592,3.954074
9.8,-3.686092,-2.464028,-1.551892,-0.7380392,0.0360593,0.791755599999999,1.541122,2.56297,3.95205
9.84,-3.693712,-2.460262,-1.549584,-0.736875,0.0402975,0.796684999999999,1.549576,2.570536,3.951928
9.88,-3.69031,-2.456732,-1.540338,-0.7380402,0.0407222,0.797813599999999,1.556738,2.580296,3.950336
9.92,-3.69053,-2.466902,-1.551176,-0.7466204,0.0396905,0.7941862,1.558144,2.569768,3.941494
9.96,-3.694138,-2.46731,-1.547034,-0.7472838,0.0279729,0.7974764,1.556388,2.56717,3.934424
10,-3.6947,-2.47318,-1.55574,-0.7521862,0.0226608,0.790360599999999,1.55577,2.552556,3.924994
10.04,-3.705104,-2.474036,-1.549382,-0.7548932,0.0298263,0.784305599999999,1.549678,2.559962,3.932288
10.08,-3.700156,-2.471378,-1.544554,-0.7545736,0.033072,0.7869248,1.549388,2.55731,3.927828
10.12,-3.708134,-2.483062,-1.542352,-0.7445478,0.0277613,0.7846912,1.553526,2.55199,3.9303
10.16,-3.71317,-2.478656,-1.547896,-0.7510362,0.0305332,0.7811262,1.553526,2.560224,3.928516
10.2,-3.707894,-2.467944,-1.556656,-0.7507308,0.0226031,0.783247799999999,1.56136,2.554478,3.926056
10.24,-3.700976,-2.473588,-1.558808,-0.7553502,0.0145706,0.7863648,1.560644,2.55518,3.92239
10.28,-3.703676,-2.458404,-1.558576,-0.7707918,0.0186553,0.7825808,1.556382,2.533728,3.911302
10.32,-3.705288,-2.464778,-1.558154,-0.7655006,0.0176439,0.781121799999999,1.558252,2.532296,3.90473
10.36,-3.69622,-2.466452,-1.559596,-0.7615756,0.0267535,0.779821599999999,1.561582,2.529572,3.905602
10.4,-3.696542,-2.466562,-1.547732,-0.7523384,0.0268716,0.778392399999999,1.56426,2.524784,3.88762
10.44,-3.706772,-2.469978,-1.553998,-0.750561,0.0278664,0.7763816,1.562124,2.527216,3.904384
10.48,-3.709988,-2.48016,-1.555672,-0.7448332,0.0357082,0.7773336,1.563726,2.525614,3.91843
10.52,-3.726662,-2.473084,-1.564844,-0.745919,0.0327857,0.7791236,1.564534,2.519346,3.91423
10.56,-3.722864,-2.481186,-1.567378,-0.7494254,0.0324019,0.7805028,1.571782,2.516008,3.930148
10.6,-3.73255,-2.480938,-1.561672,-0.7543182,0.0369671,0.785745799999999,1.572144,2.51814,3.910568
10.64,-3.732378,-2.49119,-1.559322,-0.7566588,0.0374775,0.7797362,1.562362,2.526646,3.902918
10.68,-3.738604,-2.494668,-1.563114,-0.7591612,0.0405149,0.7748064,1.561896,2.51441,3.893304
10.72,-3.75097,-2.499008,-1.563402,-0.7519246,0.0422522,0.7801826,1.559574,2.514106,3.886694
10.76,-3.7511,-2.495144,-1.562246,-0.745508,0.0423251,0.782956,1.547146,2.51601,3.888358
10.8,-3.755576,-2.49167,-1.572916,-0.7486362,0.0318645,0.7843682,1.557244,2.510706,3.887502
10.84,-3.756034,-2.48639,-1.57748,-0.7498776,0.0250372,0.7806322,1.55076,2.502912,3.882264
10.88,-3.759108,-2.479706,-1.581438,-0.7454068,0.019969,0.7816162,1.541522,2.500974,3.879756
10.92,-3.754776,-2.491054,-1.577752,-0.7496806,0.0148324,0.7872958,1.539666,2.500454,3.87266
10.96,-3.757174,-2.497296,-1.575656,-0.7521704,0.0121306,0.780379,1.548942,2.506284,3.885228
11,-3.754378,-2.498158,-1.577868,-0.7498832,0.0157288,0.788070399999999,1.55166,2.513936,3.87637
