"data$x_predict","X10.","X20.","X30.","X40.","X50.","X60.","X70.","X80.","X90."
-11,18.334022237728,20.2364416362468,21.4917815901758,22.5692023185511,23.5826807627923,24.6046910055889,25.5689250401165,26.8114393229049,28.5090064643568
-10.96,18.5318418996048,20.4017770927952,21.6382184585305,22.7071469897342,23.7164447972617,24.7187153288899,25.6631982633281,26.8962787371748,28.5726026081243
-10.92,18.7290755542262,20.5678058940682,21.7845954829235,22.8240580813546,23.8340660681865,24.8196124289919,25.7658357324044,26.9909354492311,28.6323924835901
-10.88,18.9145447286034,20.7445511468709,21.9362141259887,22.9652970724136,23.956973565347,24.9302766173926,25.8667645257982,27.0568345771483,28.70850591111
-10.84,19.1034554304002,20.9137201987346,22.0781691834055,23.0954304772393,24.0653913523265,25.0316249745898,25.9599806683523,27.132653301235,28.7646328494319
-10.8,19.3006446440659,21.0670142527319,22.2282915502061,23.218780369341,24.1738145200872,25.1405774453492,26.0558045302031,27.2074839902577,28.8109687272975
-10.76,19.4713121354756,21.2266775020016,22.3712012444368,23.3342214606259,24.2815179581833,25.2319272186557,26.1350698585119,27.3095480036094,28.8542182766193
-10.72,19.6162632149218,21.3590318334051,22.5232205276475,23.4766245507514,24.4015420681248,25.3165368323494,26.2229288620872,27.3867518387528,28.8968722969113
-10.68,19.7785856029248,21.5044192139083,22.6529922670181,23.5931847291169,24.5133337406311,25.4247063544778,26.3105868306112,27.4632449301381,28.9465032806501
-10.64,19.946654288561,21.6295065740782,22.7980473882973,23.7162732960675,24.6308137315506,25.5294598350203,26.403376274888,27.5345496062091,29.0120669934855
-10.6,20.1375158444652,21.7595097933301,22.9266752075951,23.8407302695091,24.7491845576759,25.6192402019959,26.4826272821475,27.6074851920512,29.0658789340169
-10.56,20.2867909220764,21.8954960742528,23.0512722507361,23.9542849571371,24.8526316501526,25.6972988923257,26.5607948902838,27.6820964730603,29.1247029916102
-10.52,20.4498296040804,22.0359315069848,23.1658548959224,24.0631798903178,24.9575140282324,25.786192416284,26.6440588010481,27.7549358055006,29.1666970144438
-10.48,20.6286583341045,22.1732936514273,23.2848299073998,24.1670278459597,25.064932983895,25.872572683039,26.7253572907688,27.8137220458399,29.1986821364618
-10.44,20.7845771767619,22.3202792553168,23.4019228706951,24.2757214444557,25.1560291291879,25.9530441370317,26.7978312985237,27.8814131003657,29.2466196575807
-10.4,20.9323379074581,22.4394834088362,23.5076042714721,24.3673077425207,25.2608566098078,26.0425716189835,26.864212197764,27.9375933770036,29.2705310255052
-10.36,21.0593856373494,22.5724637584854,23.6194801385397,24.4697986628032,25.3499208030848,26.1213329126111,26.9272507598593,27.9815558825309,29.3104696172499
-10.32,21.2124859087108,22.7038911984715,23.7416872306116,24.5835580830629,25.4442266731436,26.2003829565792,26.9881841135869,28.0426431482029,29.3648920177253
-10.28,21.359568881211,22.8050259543385,23.8563938246456,24.671715860647,25.530074192919,26.2802801987564,27.0569857348072,28.0817033120423,29.4147467592779
-10.24,21.4886806500014,22.9248318985888,23.9461231094593,24.7712323810189,25.6257489707644,26.3536346064865,27.1124663740423,28.1292520113603,29.4632514846646
-10.2,21.6350832771826,23.0534232167028,24.0514963417652,24.8617874397906,25.694047462668,26.4261541250582,27.1755336417104,28.1804247824302,29.4973219113677
-10.16,21.7648728491356,23.1608546075005,24.1563185078448,24.9624152424877,25.7754335189474,26.4988665594704,27.2502423912427,28.2331505071729,29.505444175859
-10.12,21.9069915757543,23.2817357944866,24.2517376958327,25.047371027926,25.84628069643,26.5680852154658,27.3115230487656,28.2884799849319,29.5383602836987
-10.08,22.03333739125,23.3896624341976,24.357346959437,25.1405490766054,25.9220820603854,26.6438253143326,27.37476949694,28.3384046335664,29.5583938863646
-10.04,22.1367919669079,23.4934897494976,24.4536067306749,25.2137710610781,25.9760173627311,26.7123525408608,27.4426116291943,28.375067894302,29.5880448159004
-10,22.2677432136086,23.5920479014207,24.5388732945629,25.3005462820437,26.0522653883425,26.774529979392,27.5165531510747,28.4108948709945,29.6243596125068
-9.96,22.373046605267,23.6754513009107,24.6325472094577,25.379147101245,26.1184985349752,26.8430585791154,27.5664762992135,28.470339742577,29.6659855669911
-9.92,22.4863469534615,23.7997672059343,24.7281413918113,25.4553206247377,26.1918246655925,26.8942035394619,27.6164325221642,28.5020707910525,29.7119438705664
-9.88,22.598174025893,23.8987120943801,24.8167875021386,25.5302046745671,26.2496186115681,26.955426806883,27.6701496485796,28.5136925288573,29.7373582000779
-9.84,22.7099602269725,23.998097946782,24.881740782341,25.6023960925995,26.3131253138898,27.0117165064755,27.7219655171995,28.5540580834117,29.7595050280999
-9.8,22.8092305266562,24.0868367602119,24.9602406620902,25.6784334965725,26.3732496078134,27.0642259461849,27.7677328432485,28.5969801951627,29.7695626940176
-9.76,22.9101808058924,24.1792279969477,25.0346520504043,25.7514962826172,26.4285860685946,27.104929433431,27.8270480855005,28.6492986130869,29.7874099290819
-9.72,23.0128587855896,24.2849461141115,25.0998676775395,25.8111846470129,26.4896818392969,27.1532805020357,27.8605992861575,28.690824512314,29.8033114760871
-9.68,23.1115067208872,24.3590465549074,25.1714194634637,25.8831117105451,26.5522271335649,27.1985360115304,27.9112489872663,28.7349649186771,29.8235022213151
-9.64,23.221215379378,24.4410743392642,25.2355935778611,25.9366126026818,26.6151452260785,27.2428210895014,27.9719096501396,28.7816882563481,29.8540487476622
-9.6,23.3154187444221,24.5074959065098,25.2958573866725,25.9968035126966,26.6625085902419,27.2936795281833,28.0062444198916,28.7992666660387,29.881130285362
-9.56,23.4079430324064,24.5854736647409,25.3560037959553,26.0488319972388,26.7255073979144,27.34114113376,28.0522411634738,28.8356080861694,29.9146592333384
-9.52,23.4920910416605,24.656247952062,25.4212723721079,26.0893461994421,26.7730866600177,27.3817167550402,28.0973988388064,28.8512814914392,29.9327266914665
-9.48,23.5818403245635,24.7286994293551,25.4726382129386,26.1405096714715,26.8259335306021,27.4268503271735,28.135912386856,28.882607550075,29.9614427687997
-9.44,23.66456948174,24.7968407075593,25.5210447769957,26.1962396577261,26.8689087079769,27.4601731758765,28.1701906492752,28.9019064645588,29.9957910997587
-9.4,23.7348839731642,24.8537609762756,25.5768356461102,26.2480787164135,26.9035061255809,27.5001679805811,28.2002604824024,28.9289481265831,30.0033608309311
-9.36,23.8011373366377,24.921491055536,25.6387773502616,26.3010969744248,26.9561610124903,27.5417432065429,28.2298558459131,28.9512328959917,30.0099534722941
-9.32,23.870608599837,24.9817766073209,25.6822010865652,26.3478459477411,26.9972503855812,27.5767699574503,28.262567185369,28.9785869550201,30.0263758300396
-9.28,23.9550340516145,25.0283613802374,25.7278571054271,26.3852024793643,27.0347785979579,27.6126051531836,28.2786082965036,29.001205685429,30.034926680319
-9.24,24.035061651965,25.0764467543156,25.7774998084231,26.4239061849653,27.0711705933316,27.6588515122364,28.3087103686389,29.02585486185,30.0327779799793
-9.2,24.111809269098,25.1218245689419,25.82055192319,26.4715492546917,27.1188070549063,27.6871456066914,28.3380336376861,29.0433514253453,30.051580737431
-9.16,24.1713093718907,25.1592432621349,25.8599939415268,26.4993968166653,27.1566781389016,27.7241449734541,28.3688301330923,29.0625465243917,30.0819308126978
-9.12,24.2091973824459,25.2062018423766,25.9025931869305,26.5310219337209,27.1877793487259,27.7536326766321,28.3797942180373,29.0751693812812,30.0926503519143
-9.08,24.266674700455,25.2513625979346,25.9504752678012,26.5590516966416,27.2095090483905,27.7760140275897,28.4115855446449,29.0899032111599,30.1148461795529
-9.04,24.325787521515,25.2918722531519,25.9779425647338,26.5970624814701,27.2249195991313,27.804664537829,28.4196875679356,29.1063653814586,30.1229684182636
-9,24.3820632396205,25.3339690145458,26.0087710447626,26.6237122234778,27.2533000648179,27.8275350360499,28.4383231856096,29.1190942586032,30.1340264415184
-8.96,24.4254240201521,25.3798707413795,26.0364355937763,26.6513865980612,27.2780619630459,27.8490206115909,28.443868054227,29.1327349953531,30.1292250160346
-8.92,24.4485418881088,25.4132723678494,26.0765946464092,26.6756990871864,27.2969969101463,27.8702110350767,28.446278511629,29.1562050629537,30.1560150050225
-8.88,24.4823620818487,25.4458474506299,26.1022724489737,26.6928677065908,27.3135249430858,27.8860296343114,28.4681362980942,29.1561433580048,30.1564706777396
-8.84,24.5111651754518,25.4702161051688,26.1411605817204,26.7115756820944,27.3384032329407,27.9043658329651,28.4784269117826,29.1652035610422,30.1377915265363
-8.8,24.5509010335928,25.4989818710144,26.171432296948,26.7390101541738,27.357758864231,27.9075948302649,28.4839267056948,29.1745250571251,30.1362617262236
-8.76,24.5605371047965,25.5114386771444,26.1814569508923,26.7652047302242,27.3814557168374,27.918738772492,28.4951059361624,29.1808491401697,30.1386984611638
-8.72,24.5756504841504,25.538977637672,26.1946887233422,26.7922242165775,27.3936051812315,27.9361198831433,28.5075932539214,29.1882943041043,30.1275495296759
-8.68,24.6019057598871,25.5512821891246,26.206023794745,26.810154901704,27.4015670701777,27.9407119327681,28.4989944415263,29.1874616235593,30.1179820263994
-8.64,24.6222815086662,25.5763752447601,26.2288849793353,26.8268492697183,27.4034740930093,27.9333724735005,28.503331283232,29.1822547302281,30.1238963315851
-8.6,24.645281789215,25.5908020081001,26.2409989184758,26.8367148688969,27.4100819634829,27.9367964127872,28.5107834710597,29.1813386239945,30.1279857866905
-8.56,24.6765093155978,25.6053134914729,26.2527831661343,26.8585987931496,27.4218858631466,27.9424738362381,28.5146019228921,29.1871615260852,30.1343222362386
-8.52,24.6822913221444,25.6263526958419,26.2616504073449,26.868382293079,27.4265784608486,27.9462425136444,28.5178687779244,29.1776896320402,30.114805654481
-8.48,24.6985296308819,25.6327778451137,26.2644969042388,26.8782320086294,27.4318244100058,27.9469902007416,28.5197446809002,29.1732717285707,30.1082103282118
-8.44,24.7205776576425,25.6352260076919,26.2687482329218,26.8714604802321,27.4318391841373,27.9498448911509,28.5146580944425,29.1668824689527,30.0860588683361
-8.4,24.7336034569193,25.6444289989875,26.2688427428892,26.8633302715101,27.4237606144733,27.9407022910122,28.5092938187528,29.1707556729865,30.0802677828178
-8.36,24.7341461787254,25.6361688839934,26.264894875893,26.8625062531565,27.4184970922052,27.9349466403115,28.4949664823818,29.1595919780659,30.0673269640588
-8.32,24.7424773985719,25.6396153994752,26.259894292789,26.8787090380225,27.4088317567607,27.9360130737916,28.4850104577181,29.1461671891441,30.0542310108241
-8.28,24.7452862157821,25.6332960869194,26.2655206990417,26.8774085757446,27.3975691930695,27.9287260501945,28.4708402519513,29.137561556564,30.0356526429691
-8.24,24.7252801657248,25.6300905979153,26.263565378978,26.8753528208268,27.3899982511459,27.922461186635,28.4666404746834,29.1185183387554,30.0185513121028
-8.2,24.7285417712759,25.6181060571686,26.2779121554528,26.8618727546496,27.3850175744771,27.9156752912749,28.4499989327342,29.1064006493807,30.0005019171983
-8.16,24.7245294891824,25.6006680128885,26.2613963502857,26.8483561681471,27.3671239746042,27.8961915652749,28.4384545502246,29.1010003910635,29.9908359306976
-8.12,24.7229152500105,25.5919832202692,26.2504991690337,26.8343716369617,27.3562586053138,27.8793528940709,28.4156698109126,29.0833498817335,29.9702803254829
-8.08,24.6994722590822,25.5711573350763,26.2530200006355,26.8146719542774,27.3426148600888,27.8661283889518,28.3977824022838,29.0684806156888,29.950508761042
-8.04,24.7039380056996,25.5686942107042,26.2433806361921,26.8050954328449,27.3305179577369,27.8530432902409,28.3846210502418,29.0506840911334,29.9232038690787
-8,24.6986905169003,25.5582637564812,26.2315443245904,26.7848564262221,27.3126352872457,27.8283005288604,28.3713608918942,29.0319010744419,29.8980593090004
-7.96,24.6876863033391,25.5455389788648,26.2116794347014,26.7676451163964,27.2941091056077,27.8084569523805,28.3472284669768,29.0088476709811,29.8795083728965
-7.92,24.6780083039117,25.5276906600746,26.2011598776825,26.741287859538,27.2754526829133,27.7860041945093,28.3219828616808,28.9940167695745,29.8473689283862
-7.88,24.6658998652473,25.5055982702633,26.1752828647848,26.7175798640754,27.2527606708712,27.7605000250449,28.2983369926045,28.972746823181,29.8112581167221
-7.84,24.6424352085483,25.4853918404033,26.1529385913853,26.6932766841829,27.2303212159037,27.7352952026008,28.2704771575645,28.9380539200233,29.7757498798125
-7.8,24.6094502613723,25.4530567022629,26.1248136836255,26.6630393838614,27.2075042299927,27.7143015872715,28.2449932731949,28.9121297009378,29.7436803700302
-7.76,24.5869507961293,25.4289053832261,26.0932380037913,26.6382062909373,27.1753773883358,27.6906873741481,28.2114024761622,28.8847071708336,29.7163347411339
-7.72,24.572684600327,25.3963456707007,26.0587034894493,26.6114481768158,27.1460053821926,27.6576565011973,28.1829612324421,28.8445214642089,29.6859887974023
-7.68,24.5284519245527,25.3683572246944,26.0332993155187,26.5778277247682,27.1208567901066,27.6275318570704,28.1483221570351,28.8167859795294,29.6548040906886
-7.64,24.4959205061199,25.3433797599648,25.9991506835846,26.5447753791978,27.0886765857242,27.5977835774301,28.1222301517451,28.7948259535049,29.6328719031889
-7.6,24.4530629013382,25.3081050857555,25.972578737372,26.5136133714862,27.0599934612364,27.5619000491172,28.0922465564203,28.7523752458213,29.6090497172113
-7.56,24.4205450869189,25.2755898432834,25.9387698081203,26.4852438527886,27.0266087992519,27.5250829263721,28.0533308807191,28.7117048990158,29.5862333157249
-7.52,24.3870524686732,25.2388830665525,25.8970111007827,26.4504277502241,26.99270803363,27.4845474709539,28.0253243884657,28.6675845242893,29.5422292411086
-7.48,24.359017875892,25.196290319608,25.8547336066558,26.4229980724037,26.9635070830192,27.4376010776009,27.9934919246781,28.631030464916,29.4943597546778
-7.44,24.3232064654866,25.1678931503591,25.8095899820575,26.371189953852,26.9272659353017,27.4021424968375,27.9589410064243,28.5894372188994,29.4602053054129
-7.4,24.268564046301,25.1236571467074,25.7701544848875,26.3354544643486,26.8877414612259,27.3646545138854,27.9141287122986,28.5550980546558,29.4215861339272
-7.36,24.2482528274328,25.0806668410398,25.7233459376146,26.2867764622412,26.8379572475605,27.3255510663164,27.8742057292327,28.5114740099799,29.3674209615725
-7.32,24.2048414793001,25.0433593729431,25.6813227607868,26.2434863491384,26.7880887214045,27.2740566185202,27.8370413264565,28.4801061571529,29.3131643169427
-7.28,24.1544074797726,25.0008659992814,25.6369145145208,26.1937207674962,26.7384492713882,27.2275133920579,27.7937689234966,28.4375200195444,29.2703393138169
-7.24,24.1202330904163,24.9472490478705,25.5928027818057,26.1460467749043,26.6911102160464,27.1848459260642,27.7468849245845,28.3969515968442,29.218670921508
-7.2,24.0673199429783,24.9062299141889,25.5399854060779,26.089631993964,26.6445485657311,27.139040106274,27.697336243744,28.3398630268404,29.1710592234019
-7.16,24.007931311984,24.8637003762036,25.4937063259141,26.0442441601393,26.5891399801793,27.0897715108229,27.6501274625429,28.2872473737068,29.1097704485136
-7.12,23.9431384962058,24.8055117057021,25.4446829086966,25.9884037769573,26.5276754966794,27.0396929985389,27.5957149850732,28.2345297793858,29.0649409880261
-7.08,23.8895222498566,24.7565665471418,25.3978427131368,25.9330877119047,26.4717452408177,26.9781281939224,27.5433720469701,28.183912939676,29.0069128290678
-7.04,23.8368330241061,24.712187570147,25.3470082415693,25.8839981965273,26.4137869014002,26.9276864631537,27.491912217167,28.1240401191287,28.9539916218824
-7,23.788098468621,24.6549074184152,25.2945151068289,25.8269805774397,26.3524308851149,26.8768005713632,27.4339028271419,28.0665563986115,28.9050560092437
-6.96,23.7388248913088,24.5918331265241,25.2313682574578,25.7686427417371,26.2895261752257,26.8189808149929,27.3763497453917,28.0000457104649,28.842018183335
-6.92,23.6786603087906,24.527532759022,25.1730104867676,25.7119717329054,26.2300497733196,26.7614051939452,27.320850452364,27.9449070730299,28.7925756982851
-6.88,23.6142152437177,24.462091199092,25.1108778438692,25.6532284464144,26.1824858858548,26.6922212928993,27.2596832340465,27.8813983782174,28.7431391736436
-6.84,23.5564608062828,24.3972705078016,25.0454026760422,25.5960458459196,26.1205772780234,26.6366817939158,27.1976787479681,27.8263345335007,28.6680256684705
-6.8,23.498312031266,24.3349290550476,24.9768744287057,25.5302384228685,26.0526038509784,26.5723547023962,27.1439605843945,27.7678112841743,28.6020091301606
-6.76,23.429155230229,24.2697267841698,24.9099059248582,25.4664990481042,25.9850856443768,26.5085484907721,27.0769166438586,27.7086516981192,28.5326126086193
-6.72,23.3664716337953,24.2012513062567,24.8469503515114,25.3990046485082,25.9214009841497,26.4448961862985,27.0206305607022,27.6474987294416,28.4592436609722
-6.68,23.2924642720728,24.1303224620873,24.774133909003,25.3300852022156,25.8578702165764,26.374245167268,26.948572153602,27.5832156250772,28.3841080896742
-6.64,23.2244694493432,24.0644325090085,24.7095878497622,25.2602772615443,25.7861071610691,26.2997796879232,26.8825883061638,27.5160804171528,28.310252902749
-6.6,23.1527362878874,23.9963555551719,24.6458251339234,25.1841671330163,25.7082186765154,26.2283047691055,26.8155817403077,27.4489929919978,28.2370934481972
-6.56,23.0775575159491,23.9278713246385,24.5719006203424,25.117656578304,25.6393637504931,26.1629967400721,26.750973639849,27.3712232323777,28.1694667592585
-6.52,23.0030627787622,23.8590414617839,24.4996268521555,25.0408185645362,25.5709060734598,26.0927237744042,26.6772251675869,27.2987209482236,28.0966638324433
-6.48,22.9293380911815,23.7903216771024,24.425694749666,24.9739699211921,25.5024405245912,26.0211850787513,26.6023271108433,27.2243638303383,28.029033020036
-6.44,22.8461673695289,23.7158938061478,24.3508955424933,24.8968402401303,25.4292989814078,25.9452455127554,26.5275934507464,27.1465136735341,27.9593518991702
-6.4,22.7670112403385,23.6445182900141,24.273264092148,24.8182247837783,25.3581157653442,25.8605140918925,26.4513959417348,27.0697488562066,27.8847519217189
-6.36,22.6871742337151,23.5682261901334,24.1879175626025,24.7419544716115,25.2816883604864,25.7906737310281,26.3714231801065,26.9818812465833,27.807643536072
-6.32,22.5986503842498,23.4892436677183,24.1076000056088,24.661441713398,25.1975241828455,25.7198276550224,26.286688325815,26.9041431661161,27.7315893402022
-6.28,22.5241022066389,23.4108793275702,24.0311845519415,24.5839885013789,25.1201377739161,25.6354967059142,26.208656768403,26.8296271013285,27.6587134286417
-6.24,22.4435525953716,23.3249282791469,23.9518174963126,24.500463207617,25.0456386632457,25.5445903524964,26.1255341556578,26.7504236934039,27.5784594049416
-6.2,22.3614282533333,23.2431138918218,23.8777092463276,24.4228227473926,24.9624668781931,25.4685641968824,26.0436689863852,26.6707017118621,27.4983055830678
-6.16,22.2664990218842,23.1639823403434,23.7907927452559,24.3398831533858,24.8774287873548,25.3878282716714,25.9589947369262,26.5822944479604,27.4167837048563
-6.12,22.1779984139807,23.0799285653199,23.7010180548552,24.2550924373303,24.791906761544,25.3025763287284,25.8765318157029,26.4963945400882,27.348520090511
-6.08,22.0926820905765,22.9874521128993,23.6170551570496,24.1740041148419,24.70188859534,25.2112235303763,25.7859683150505,26.4053125694096,27.2637869099719
-6.04,22.006961382273,22.8972500277668,23.5326655590093,24.088931375584,24.6144476614487,25.1246440441314,25.698359491304,26.3178886876981,27.1712987600076
-6,21.922611314099,22.8081063192253,23.4497965362887,23.9938315908264,24.5254372850628,25.0345846020357,25.6047361514448,26.2314298830891,27.0841898664547
-5.96,21.8370363990948,22.7199991744749,23.3595310761212,23.9003947527967,24.437505282642,24.9424578154617,25.5157611555486,26.1361931809232,26.986288584949
-5.92,21.7497902656215,22.630143268674,23.2708684060103,23.8111745392653,24.3550157484582,24.8587572697891,25.4275996976982,26.0491409118219,26.8857465136664
-5.88,21.6600459331438,22.5371597812516,23.1808612815439,23.719333019684,24.2624962879566,24.7682904327085,25.3371960180909,25.9565751551354,26.784546420763
-5.84,21.5714720327367,22.4384210052834,23.0812393477845,23.6296697577889,24.1663905998959,24.6766611880555,25.2460225125139,25.8680161811193,26.6835758100716
-5.8,21.4679263889771,22.3438407937964,22.9900341860292,23.5359720850893,24.0700080669992,24.5835615547919,25.1483650889212,25.7748918109452,26.5837659933994
-5.76,21.3612928811382,22.2496723743637,22.8928806337534,23.4405908077386,23.9712082002448,24.4954782735264,25.0529992840441,25.672802002192,26.4928511263323
-5.72,21.2612930974879,22.1542564951244,22.7950907207367,23.3436993304668,23.8704284910977,24.3980364976135,24.9552157993736,25.5764993881579,26.3910531736879
-5.68,21.164970940349,22.0574753973245,22.6948932041919,23.2495360975369,23.7723959564876,24.2987642913485,24.8524040132961,25.4791266489208,26.288329944736
-5.64,21.0693797944679,21.9598642782054,22.5943796730819,23.1474132905951,23.6708489202827,24.2011535064069,24.7536968783513,25.3822474346837,26.1894807618203
-5.6,20.9721567870069,21.864396426598,22.4932183472439,23.0491899439595,23.5694139047973,24.0999547296201,24.6502521386422,25.2875936336949,26.0994624053501
-5.56,20.8743201597641,21.7640773168156,22.3866833806929,22.9462015537436,23.4682822134932,23.999643317984,24.5479312054328,25.1873931697716,25.9940466494003
-5.52,20.7746738711439,21.6630148701649,22.2822525184638,22.8322510014232,23.3666915753695,23.8945255274042,24.4439834423997,25.0762687961217,25.8896966374429
-5.48,20.6782644193025,21.5569115090939,22.1759581632983,22.7278309405136,23.2635321211956,23.7847894843577,24.3354061261876,24.9729900094348,25.7788361797723
-5.44,20.5809506331524,21.4525702967211,22.0697613559624,22.6226183317856,23.1602455147125,23.6777075653361,24.228302262527,24.8668419734585,25.6850157782511
-5.4,20.482389826421,21.3483753575809,21.9625517531278,22.5194412145937,23.0538186358194,23.5688363110656,24.122691643779,24.7550804112998,25.5799073496388
-5.36,20.3720570176107,21.2388276069786,21.8523753404342,22.4127303359805,22.9460912000486,23.4607279002327,24.0158906312848,24.6473281076455,25.4700013918519
-5.32,20.2660084005725,21.1297994880625,21.7436428676165,22.3040472682311,22.8384011923734,23.3523955741923,23.906630971411,24.5387751958232,25.3532236031689
-5.28,20.1648296454761,21.0171734769367,21.6327141272252,22.1946943480622,22.733428897349,23.2446606460414,23.7964767798096,24.4285790914492,25.2411152476922
-5.24,20.0574904855456,20.9065005938089,21.5230715027955,22.0855009689158,22.621151643524,23.133275067811,23.6851075348036,24.317005675126,25.1295976523503
-5.2,19.9494052004871,20.7995028936828,21.4087855161614,21.9775608400919,22.5096157839579,23.019320929678,23.572224227982,24.2035855756204,25.0138682255012
-5.16,19.8400460871065,20.6856866860709,21.2977445226618,21.8662755217571,22.3974706246526,22.9033017386491,23.452455739638,24.089269654714,24.8918058276116
-5.12,19.7285149846796,20.5741175621708,21.1815238155686,21.7500481272716,22.2838254643788,22.7885770217962,23.3386492752979,23.9735930397578,24.7771513373107
-5.08,19.6185575590758,20.4580101693971,21.0670576715343,21.6407908716149,22.1687124320726,22.6689704590144,23.2175979632779,23.8542071732922,24.6645073019971
-5.04,19.5069631077625,20.3487738943452,20.9549139861333,21.531463369325,22.0522855465977,22.546101147216,23.1019764652073,23.7339548674078,24.5444169035892
-5,19.3941630354583,20.238857835275,20.8479601683052,21.4168608289429,21.9358182835382,22.4254819131992,22.9829917114912,23.6146856550488,24.4288889881234
-4.96,19.2796777205827,20.1184569664533,20.7264601418142,21.298317704085,21.8234206381637,22.3083461555896,22.8658643967389,23.492839187885,24.3083744132142
-4.92,19.1670653568992,19.9970129304672,20.6059455517231,21.1822765661564,21.7034846042091,22.1878807278331,22.7432933118779,23.369131271103,24.1906155007556
-4.88,19.0513189452687,19.8773170937996,20.4862087949423,21.0646133358288,21.5776782786744,22.0657460047737,22.6202144905903,23.2462983263505,24.0641701780056
-4.84,18.9263319062996,19.755866229154,20.3694614120754,20.9433651224761,21.4580084930104,21.9443072191702,22.4995965999636,23.1206617256615,23.9447996098604
-4.8,18.8128560238097,19.6390210028573,20.2522570881385,20.8223580458809,21.3374359184399,21.8196075944616,22.3801679772588,22.9928467311182,23.8253328835317
-4.76,18.6957067068226,19.5188804083972,20.1331397428142,20.6991931870484,21.2192381474126,21.6983183275739,22.2541670016564,22.8669408888596,23.6989104508554
-4.72,18.5847005387848,19.3956596930321,20.0106305288061,20.5739231607964,21.0908908996831,21.5771207546338,22.1256619360175,22.7424969716631,23.5676745634789
-4.68,18.4678730239827,19.2757781786547,19.8866647682902,20.4489474423664,20.9657683309484,21.4520466073613,21.9973192097459,22.6166216337078,23.4371159589091
-4.64,18.3465588450967,19.1529969410118,19.761125408101,20.3264780551321,20.8426583422865,21.3257740820866,21.8662305994861,22.4892203591111,23.3075811984438
-4.6,18.22221116842,19.0269651481669,19.6361092758672,20.2002763875415,20.7182389155281,21.1928156573698,21.7296729311594,22.361605593769,23.1748289426041
-4.56,18.0934511345532,18.8994871440144,19.5143183014983,20.0722793252724,20.5907318803662,21.0705373932165,21.600116765299,22.2264892950499,23.0318141972861
-4.52,17.9699641121094,18.776944550116,19.3927499451398,19.9418508022702,20.4609488519901,20.9406283369641,21.4732247985297,22.089348850272,22.897034037648
-4.48,17.8433117155053,18.6488880164685,19.2633912331898,19.8094397360181,20.329872545713,20.8089109316005,21.3377384544338,21.9618618834009,22.7589941398958
-4.44,17.7161462129546,18.5229684554952,19.1324531392146,19.6786736759346,20.2031281834875,20.6744957237311,21.2023425445729,21.8257462103174,22.6198548136735
-4.4,17.5928268765613,18.3963206691678,19.0050112581245,19.5512176731446,20.073032748666,20.5426776708151,21.0662307959283,21.6894018134193,22.4831655475236
-4.36,17.4669004440262,18.2716461310062,18.8735489537725,19.4185301878753,19.9406907967563,20.4129762601849,20.9327214372388,21.5504365733415,22.349150217119
-4.32,17.3355669646206,18.1428470320271,18.7409711332653,19.2844591323726,19.8082364070705,20.2804887745646,20.8007999270021,21.4120874328409,22.2058774724801
-4.28,17.2039657194691,18.0122300264855,18.6131424750371,19.1503496332426,19.6772029402818,20.1466613598958,20.6650407451394,21.2747025629562,22.078935051732
-4.24,17.0733449147335,17.8824995208185,18.4842794999087,19.0145914604423,19.5402022167449,20.0081045148698,20.524547411361,21.1348828430242,21.9374918493079
-4.2,16.9430489721678,17.749177694389,18.3511332800536,18.8757217849258,19.4075929335842,19.8718471280669,20.3852830299978,20.9930498676459,21.78899689737
-4.16,16.812691639433,17.6161399021386,18.2177871480591,18.7470691885943,19.2690215695319,19.7338157945127,20.2466655930984,20.8537843449305,21.6447182733477
-4.12,16.6820149326021,17.4841409478203,18.0852018594541,18.610697716405,19.1314096292383,19.5929851179724,20.1010968855297,20.7093851650073,21.5003840605289
-4.08,16.5462756147412,17.3486056809797,17.951280467157,18.4755751951181,18.9920672461241,19.452114197319,19.9588744451405,20.5678363577093,21.3490208998314
-4.04,16.4195532912347,17.2144850855196,17.8114119756521,18.3344324592316,18.8540790902253,19.3133714153024,19.8214949609403,20.4194846926743,21.2064086289086
-4,16.2875736227433,17.0809870361149,17.6735370173282,18.1936551964413,18.7150468898707,19.1763797637677,19.6752786415232,20.2723696524298,21.0617753249202
-3.96,16.1520282801093,16.9452572171013,17.5358604466205,18.0529480210325,18.5743703631823,19.0378619520614,19.5304013789006,20.1217453765394,20.9094669638922
-3.92,16.0137828314822,16.8105108791577,17.3960921095938,17.9081620164904,18.4325556298147,18.8983067828242,19.3863413733274,19.9699918960175,20.7621629556508
-3.88,15.8786734913079,16.6771365439969,17.2560354039298,17.7637700416901,18.2906760874692,18.7579900429851,19.2382691862424,19.8195122827474,20.6135231064815
-3.84,15.7514072719503,16.5418199155786,17.1114484130589,17.6214267777901,18.1458078410692,18.6160776764146,19.0911131229484,19.6710608680979,20.4669722453506
-3.8,15.6238861910723,16.404961180211,16.9754123095638,17.4750516976828,18.0023561384334,18.4729531330505,18.9446571508963,19.524971842737,20.3166167393523
-3.76,15.4796540091851,16.2670070617906,16.8361380265265,17.3320696546406,17.8535106058332,18.3239222374248,18.7943377758273,19.3744539201462,20.1675413251781
-3.72,15.3383992751268,16.1281102494247,16.6928618193375,17.1818673473695,17.7090565451476,18.169927808291,18.6464132965685,19.2190311449016,20.012349221698
-3.68,15.2056003792022,15.9856848623769,16.5507762563018,17.0349592283855,17.566567899633,18.0252601081541,18.4947305635643,19.0654267886101,19.8618595568227
-3.64,15.0626722056281,15.8454663546695,16.4116213312335,16.8871704870269,17.4189169158228,17.8778546800964,18.3487963713709,18.9162317042977,19.7098350704611
-3.6,14.9317881770096,15.7017857239467,16.2690017033233,16.7409070335462,17.272529477015,17.7320448476942,18.1924332716951,18.7665950773299,19.5556582341661
-3.56,14.7956901868602,15.5575660200648,16.1249822073695,16.5968754817442,17.12213798483,17.585977030388,18.0394800126549,18.6070815635844,19.4007132263473
-3.52,14.6533923352618,15.4113307073567,15.9773325803232,16.4480280581295,16.9724836357469,17.434950990742,17.8843001134931,18.445432255302,19.2399887321797
-3.48,14.5109140162527,15.2689387340655,15.828878161943,16.2990643326085,16.8204807832899,17.2831580358743,17.7289416211286,18.2904144210346,19.0785633117202
-3.44,14.3678283135141,15.1245671213038,15.6784971897715,16.1444471031171,16.6706118514007,17.1285804567762,17.575151486002,18.1306390180632,18.9166526437794
-3.4,14.224462522905,14.9775934447342,15.5297897305312,15.9924657094524,16.5244619756623,16.9747051536843,17.4208643753744,17.974195114961,18.7583706982541
-3.36,14.0751691952208,14.8352289593634,15.3839119261514,15.8373256419931,16.3685902876393,16.8218723892207,17.264056700046,17.8149555508431,18.6014099009304
-3.32,13.9316708798694,14.685961199608,15.2395655348093,15.682693851321,16.2198788414777,16.6683129670449,17.1066590561605,17.6528904855287,18.443071336924
-3.28,13.786938686012,14.5480322310906,15.0925915318492,15.5334829324739,16.0680802227956,16.5098031830804,16.9492378564545,17.4897655476794,18.2736188195294
-3.24,13.6426818458584,14.3998450214496,14.9409284901614,15.3816371229973,15.91153113927,16.3544620293201,16.7933941972405,17.3296675503757,18.1120012141801
-3.2,13.4950712768905,14.2504185247936,14.7865380813811,15.2304943295171,15.7499864525742,16.2029526690307,16.6351323683875,17.1672553397034,17.9551147574012
-3.16,13.3364905650508,14.0995296351211,14.6324931620951,15.0782697074773,15.5972027763772,16.0436612895302,16.4832862577489,17.0064934309828,17.7915610389842
-3.12,13.1920026447413,13.946766628264,14.4781821716357,14.9208485437853,15.439764866634,15.8869745627293,16.322276107039,16.8431642631931,17.6291217246412
-3.08,13.0446156589114,13.7955039126878,14.3255244618163,14.7636342329585,15.2854773940624,15.7313328337899,16.159369773158,16.6792029952164,17.4649890126832
-3.04,12.8947421524167,13.6432783524065,14.1723765312873,14.6152974959043,15.1316804309765,15.573720848866,16.0002168285512,16.5130398691972,17.2948403332637
-3,12.745875012415,13.4947399047206,14.0202179045423,14.4593943138737,14.9755144305268,15.413657790304,15.8382733805193,16.3512072247337,17.1251092520443
-2.96,12.5938352513273,13.3429999650903,13.863820273706,14.3019567960921,14.8144592287811,15.2532973227528,15.674845160933,16.1886694723003,16.9565661119937
-2.92,12.441833236467,13.1866639384264,13.7087966290823,14.1468390681655,14.6520852245619,15.0888436855057,15.5139559980424,16.0218683143787,16.7905980499291
-2.88,12.2931052354684,13.0299189085819,13.5538263610962,13.9894738336861,14.4877923810682,14.9277625714251,15.3502848548805,15.8541228666241,16.6237276555343
-2.84,12.1465541328441,12.8825617980902,13.3944085809179,13.8266205828511,14.3243177157544,14.7576830326961,15.1833872891858,15.6833758842874,16.4520274126144
-2.8,12.0007977151321,12.7295257661788,13.2307135101521,13.668752408889,14.1649222384705,14.5925968551192,15.0169396995444,15.5186522734729,16.2820563387015
-2.76,11.8460653834255,12.5731014328736,13.0710327929494,13.5074169452121,14.0074423340021,14.4297810730961,14.8547149639536,15.3547527829487,16.1184531784227
-2.72,11.6950426173646,12.4182041673777,12.9135770120336,13.3535191328752,13.845855453494,14.2666571655811,14.6864295800309,15.1906285123655,15.9450970113804
-2.68,11.5450172233051,12.2599216901226,12.7521428550303,13.1893705915069,13.6834813582621,14.1039224950808,14.5160302481982,15.0250484374718,15.7708129606809
-2.64,11.3908377712493,12.1076506838399,12.5892407695679,13.029915929303,13.5239764008352,13.939455682368,14.3418644998137,14.8536426278409,15.6040925981017
-2.6,11.2334073577134,11.9498153586145,12.427143250017,12.8671708793945,13.3664389393354,13.7733958255994,14.1758481578273,14.683677710834,15.420119047621
-2.56,11.0769908166782,11.7907767933291,12.2666525093363,12.7041862650499,13.2051117258151,13.6081623416094,14.0100600073187,14.5063639550765,15.2491773449628
-2.52,10.9192894797689,11.6393225544542,12.1068095806297,12.5427141457662,13.0425602323631,13.444901924632,13.8436001662103,14.3346629109096,15.0776568232788
-2.48,10.7683015258259,11.4780881390612,11.9423058260152,12.3803622774254,12.8762362599674,13.2755007054623,13.6751119315908,14.1662111489028,14.9045105683421
-2.44,10.6144893054968,11.3170595408499,11.7826835303315,12.2124996974922,12.7135425284124,13.1085712208107,13.5031779230323,13.9930897438329,14.7295862368645
-2.4,10.453163350728,11.1655479088163,11.6242341236719,12.0513817631381,12.5500121108647,12.9397727004548,13.3340739098199,13.8213846541312,14.5512734850108
-2.36,10.2935465373307,11.0010936705678,11.460922037931,11.8833557440744,12.3778463026372,12.7740296114343,13.1660953232359,13.64914687414,14.3738023918145
-2.32,10.1364986118075,10.8379571595529,11.2986489355066,11.7172352102518,12.2071879780587,12.6019550626918,12.995066146349,13.4751184180115,14.1999408562801
-2.28,9.98539665302061,10.6830121518562,11.1321407740685,11.5528579303874,12.038484258937,12.4333107865281,12.8240544146331,13.2963623420191,14.0208995779936
-2.24,9.8300726848025,10.5246830688964,10.9677448057467,11.394153318407,11.863045075551,12.2680860227893,12.6535320589247,13.1198490281785,13.8471707745223
-2.2,9.66664128970576,10.3647193022505,10.8021024659895,11.2309222066662,11.6946520677916,12.0925484356912,12.4819771928126,12.9452360124618,13.6765653357489
-2.16,9.50370408115403,10.201588762677,10.6360473199329,11.0607154703062,11.529624914433,11.923697336435,12.3036365759059,12.7653718575343,13.5026588686975
-2.12,9.33908020623863,10.0350032858718,10.4716141972778,10.8953693289236,11.3615208643838,11.7511988860875,12.1321079862953,12.5912466174989,13.3249989976195
-2.08,9.17191673980348,9.87215600989178,10.3052689098344,10.7261737286523,11.1841641902485,11.5764911423027,11.9589236744024,12.4156196545074,13.145785242868
-2.04,9.01047754663518,9.71455027339513,10.1360868473256,10.5588049078779,11.0182664635369,11.4038073513877,11.7905648269283,12.2380769933744,12.9662824422089
-2,8.84774705951398,9.55045264310647,9.96461021267753,10.3887810973638,10.8414796704222,11.2322890882943,11.617725855726,12.0662929211906,12.7761171647219
-1.96,8.69593745690147,9.38130214773942,9.80134404866446,10.222623962574,10.6673427051128,11.0561385985762,11.4455621298617,11.8915456977629,12.5973059247901
-1.92,8.53542632751147,9.21372930933304,9.63514262883651,10.0564483562511,10.4929249236418,10.8797199853226,11.2706706397307,11.7164115917396,12.4168276203009
-1.88,8.36761397515063,9.05528968160322,9.47192020611415,9.8895235109759,10.3204999379111,10.7013360142406,11.0937124634322,11.5426865013481,12.2340630612423
-1.84,8.20089615490551,8.8877222422046,9.29940327281258,9.71998799330994,10.1470499592259,10.5259421420837,10.9156108436125,11.365718796197,12.056945004291
-1.8,8.04017077265178,8.71605777796743,9.13227565138175,9.55310045322088,9.97349832140785,10.3515509823719,10.7375163286772,11.1938351790773,11.8778559565888
-1.76,7.88290091466349,8.54579619949273,8.96898115775517,9.37550644053591,9.80301312531308,10.1780978191025,10.5601768607065,11.0136034321504,11.6926770486969
-1.72,7.72216830140828,8.37426359361882,8.80061940257356,9.20054883822349,9.62721575336836,9.99754993692697,10.3842526500097,10.8416233990541,11.5048898670193
-1.68,7.55239223178442,8.20454053730066,8.63226819559743,9.03131377495666,9.4520339384391,9.8252703650728,10.2045383509187,10.6584775088698,11.325407260138
-1.64,7.39458180745706,8.03257735664536,8.45949129063147,8.86506586346713,9.27926039869095,9.64806099363496,10.0274251097158,10.4787423209128,11.1430292350082
-1.6,7.22895702152117,7.86074556814006,8.28480138821124,8.69607918611704,9.10255582281201,9.47019236608413,9.84927583539084,10.2976306972817,10.9645794662441
-1.56,7.06468000139575,7.6914584385876,8.12128952370213,8.52008912530036,8.92531948220003,9.28754635679388,9.67409869666061,10.1192938570584,10.7764924649079
-1.52,6.90043289586734,7.52238412030908,7.95087950175268,8.33858809223864,8.75766819850229,9.11206035125684,9.49502285869442,9.93340139837985,10.5872170355645
-1.48,6.73949796702328,7.35107672505779,7.77687503502359,8.17128798393184,8.57772457215895,8.9363194272723,9.31372707192545,9.75515358774463,10.4030902987082
-1.44,6.56760289259074,7.18083468737691,7.60104896452483,7.99459476825527,8.39831508720061,8.75588375618335,9.13416300870866,9.57365687869752,10.2109450374796
-1.4,6.40049998577629,7.00665191678497,7.43127909116405,7.82261652713465,8.2227574852198,8.57670147373274,8.9543920501,9.38687702856537,10.0274749120728
-1.36,6.23525723693348,6.83457781605319,7.25690731901367,7.64837894722334,8.04671529737491,8.39776240037058,8.77687680153948,9.20608019615299,9.84829841721007
-1.32,6.06740764373993,6.66213878981206,7.07940865902194,7.47023799075525,7.87437413745937,8.22055167579946,8.59724861748022,9.01931908204102,9.65674680823614
-1.28,5.89228805952946,6.48562713852717,6.91025689817519,7.29711157684608,7.69703292409353,8.04102017411168,8.41973619934975,8.84356734528098,9.47547707052161
-1.24,5.7206225505404,6.31429657373778,6.73998195662841,7.12286836794798,7.51633513809418,7.8558112381522,8.24009119501109,8.66605932052589,9.28360513289333
-1.2,5.54112701948504,6.13501063426128,6.57077606993581,6.94474834376219,7.34559271789886,7.67884909407895,8.0577659580848,8.47970315652831,9.10022017873825
-1.16,5.3771283897248,5.95875515567748,6.39369527766199,6.76761792937141,7.15888843380658,7.49746696707378,7.87441953029101,8.29579572378828,8.91304817577478
-1.12,5.20626225368897,5.78196529652665,6.22129571969638,6.59170864916504,6.98006377536546,7.31882675298451,7.69879224621235,8.11131400074273,8.7289355888752
-1.08,5.02608330476333,5.61130589482225,6.03987639551341,6.41509479698179,6.80154645052749,7.14037060628982,7.5145903024499,7.92498636668972,8.55001563538322
-1.04,4.84748715432077,5.4408314028796,5.86641644340588,6.24325200900604,6.62135916846279,6.9612254606156,7.3287573324949,7.73530176299336,8.35752371691968
-1,4.67506375943415,5.26274082943187,5.69742878657925,6.06801450095889,6.44522561993428,6.78178792412473,7.14671639831682,7.55531211515095,8.17558951773717
-0.960000000000001,4.49525491043023,5.0822968575765,5.52540416167199,5.89061880105285,6.26482594158027,6.5982974382535,6.96505096896251,7.36582465943301,7.98711461140752
-0.92,4.32936018101641,4.90688249569607,5.35088276414549,5.71681418395968,6.08299933293428,6.41519501682997,6.77904475605579,7.17761178273265,7.80350592440702
-0.880000000000001,4.16658471402411,4.73497969690072,5.17376909970742,5.54644384933842,5.90498974022743,6.23846513852839,6.59350688583697,6.99889655363802,7.61600092534591
-0.84,3.99209871881364,4.55698165555394,4.9955424154618,5.36967099407308,5.72625258946133,6.05984148880925,6.40586684810367,6.81925216903504,7.43343788004989
-0.800000000000001,3.8182630289152,4.37701960914093,4.82037391987838,5.18834342128532,5.54895250416629,5.87624041561829,6.22324076963721,6.63832934627034,7.24964894089437
-0.76,3.64458209790469,4.19902462148465,4.64273419073822,5.0082674879798,5.36589004848614,5.69515673125736,6.03714230075342,6.45232756411955,7.06043864115923
-0.720000000000001,3.46786241033303,4.02236843081244,4.46556531493107,4.83312078535851,5.18788691506083,5.51871704787153,5.85355430013006,6.27679143709375,6.87459170598061
-0.68,3.29030009617593,3.85126226825042,4.28887458636048,4.65223431262558,5.00412728673288,5.33462191878082,5.67003723043595,6.09550340521234,6.68419312132706
-0.640000000000001,3.10909332440907,3.68129199658369,4.11349393779575,4.47754474631663,4.82505602189989,5.14918869113513,5.48483303199901,5.90765346963917,6.49947386606904
-0.6,2.92473980213234,3.50462881971882,3.93744403911873,4.29814188085934,4.64206872206806,4.96965027788564,5.30229723308049,5.72862578189992,6.32117037554002
-0.56,2.74602562326103,3.33105708533152,3.76545249600479,4.12139977112704,4.45968980293176,4.79416519786089,5.12011600646649,5.54593257395217,6.13560370790872
-0.52,2.57144979159731,3.14659328627585,3.58731898883973,3.94454051311563,4.27506001179902,4.61505902729019,4.93376110483421,5.37112584326968,5.9539528052554
-0.48,2.39603640064722,2.96572878279098,3.4041147105644,3.76058322534228,4.09631287048019,4.4341220952728,4.75259531204421,5.18320550855629,5.77390417087608
-0.44,2.22449493208066,2.7860235034131,3.23043022636249,3.58126897699367,3.91629548378188,4.25603273330473,4.57328501033998,5.00201830113032,5.59235117987981
-0.4,2.05329558263325,2.60538220719196,3.05256778954418,3.40219474537711,3.73538189764827,4.07500287392587,4.38671593918676,4.81519136718065,5.40303383245486
-0.359999999999999,1.87774101729816,2.42387269663169,2.87039095638054,3.22090419741415,3.55249323610508,3.8925256677347,4.20144434848223,4.63285657610333,5.217796454304
-0.32,1.69580592545748,2.24481395461768,2.69362718284981,3.04547536990875,3.3722721092414,3.70621276326032,4.01543216510254,4.45142719500042,5.030788696001
-0.279999999999999,1.51321824576158,2.06829548210909,2.51601113963788,2.86420588459723,3.18751329706692,3.53110859439919,3.83825520634071,4.27001307200963,4.84388697726448
-0.24,1.33948341632495,1.88613143990319,2.33572141791813,2.68058304668063,3.01188421138757,3.35299169571226,3.65787931550635,4.0830627335313,4.65532472271101
-0.199999999999999,1.16476515068677,1.70007085754205,2.1533753987538,2.49955793464836,2.82809720272361,3.16952986053867,3.47633152390657,3.89924787098355,4.46901061410507
-0.16,0.982113644741051,1.52328510943731,1.97225798483461,2.31720204992893,2.64873678287388,2.9866590622027,3.29356350782213,3.71478897011709,4.28866169690302
-0.119999999999999,0.800003752224007,1.34147646130454,1.7995385773131,2.13915860644137,2.4706848371947,2.79951095996753,3.11695795453881,3.52884590591879,4.10488729311581
-0.0800000000000001,0.618024200691295,1.16871055317577,1.62108913793512,1.95467769413832,2.29033726318883,2.61728617985179,2.93157036839655,3.3484417483028,3.92192804994507
-0.0399999999999991,0.441609027873723,0.985889376057724,1.44414940211912,1.77434460542852,2.11161635696731,2.43354515402913,2.75234626277865,3.17066355206105,3.74177669351354
0,0.265865763886639,0.800539184724704,1.26297791900869,1.59863892874779,1.93270307053258,2.25169086890469,2.56992423324904,2.98871191991393,3.56148603709269
0.0399999999999991,0.0804186225166793,0.622202434849031,1.08155704066277,1.41977742475835,1.74951571523369,2.07054639341962,2.39193787006107,2.8091497901513,3.38239158894667
0.0800000000000001,-0.0978601147384482,0.443260006310523,0.892796468869392,1.24111471093678,1.56791825198968,1.89511583403037,2.21350750928562,2.62236814540531,3.19840433414865
0.119999999999999,-0.267605453001109,0.259273239357598,0.713228483040684,1.0589722347472,1.38145177464113,1.71313684545843,2.02651626048075,2.4425117830277,3.0149574761219
0.16,-0.458907745733626,0.0767618649554942,0.527547425895969,0.877919739671449,1.19986488536221,1.53646548305486,1.84492316496387,2.2600302633556,2.82529025809469
0.199999999999999,-0.637985042760854,-0.100332581469711,0.347182229270189,0.697351721398447,1.01794296373877,1.35263377109409,1.66667042486979,2.07893294403323,2.6380499002535
0.24,-0.823290219886942,-0.283176017217993,0.15919482997502,0.517228272188947,0.840075236599025,1.17302976544679,1.48932223301368,1.90212340651351,2.45569278992184
0.279999999999999,-1.0057560914846,-0.467949158834516,-0.0249777532788446,0.336750914363725,0.658310041572817,0.99307969807891,1.30464299452741,1.71977143465815,2.27799543529629
0.32,-1.18285274506614,-0.650311051182242,-0.209174059737295,0.153755593610704,0.475892082600557,0.816735283098451,1.13251444836915,1.5344062289764,2.0933413322474
0.359999999999999,-1.36399467258725,-0.83399265986879,-0.393710268825231,-0.0286649478233598,0.295933724127597,0.638604116571154,0.95146085277916,1.35545143264028,1.91037114003613
0.4,-1.5499687186251,-1.01419991028032,-0.580859716487973,-0.210485785386748,0.112975128453514,0.459520366282751,0.768413519736717,1.17505954256704,1.72918422465639
0.44,-1.73503348114452,-1.19449769787574,-0.768744819164065,-0.388109140585264,-0.0669274196218448,0.283610618782388,0.59676141264091,1.00351226215804,1.54725160671526
0.48,-1.91166646798321,-1.37489265833843,-0.950715262501376,-0.5727470760006,-0.249245982534354,0.102271264616998,0.417501824147878,0.823378499163328,1.36131272955291
0.52,-2.09375966221968,-1.55179377837005,-1.12666484027448,-0.7492772356589,-0.430934815565356,-0.0788129527965667,0.242471066627563,0.642782774052589,1.17974423545135
0.56,-2.28516631816776,-1.73746580413099,-1.30804024444683,-0.933879869512498,-0.611121584478562,-0.266605604846387,0.0646171448593162,0.459910040808206,0.999637815020446
0.6,-2.47538191224812,-1.92490048331428,-1.48901261480832,-1.1128351811107,-0.788195640526408,-0.444395203128553,-0.110231055073214,0.281751392455325,0.829972614537811
0.640000000000001,-2.66545013351211,-2.10536196018718,-1.66992901285786,-1.30230805391279,-0.964747435188853,-0.623174268097692,-0.292718946127517,0.105064802765018,0.652151797653024
0.68,-2.85327190606946,-2.2866826275569,-1.85419181902073,-1.4816989241763,-1.14062463358658,-0.803651569557726,-0.473175209348997,-0.0746488997004411,0.468904523915348
0.720000000000001,-3.04128474544464,-2.46850389049859,-2.03343273525691,-1.66712055771528,-1.31889955789331,-0.976737008510405,-0.652322844623153,-0.250167358690403,0.293924807014571
0.76,-3.22729484748392,-2.64054500532906,-2.22132601514965,-1.85031014403152,-1.49943675522499,-1.15283524860692,-0.830212812638054,-0.429302494856385,0.117976380696804
0.800000000000001,-3.41351973012804,-2.82612998727031,-2.3995785080739,-2.03175336931186,-1.6763178404586,-1.33206448280426,-1.01063328653189,-0.607537284615123,-0.0540407808956931
0.84,-3.60209145150379,-3.00709745374477,-2.58196133530518,-2.2094602558839,-1.8551605286868,-1.5058470107597,-1.18822967469581,-0.777823118546458,-0.225039391541628
0.880000000000001,-3.78792107970059,-3.18689881027945,-2.76736964720377,-2.39229612188683,-2.03120595135986,-1.6901324008582,-1.36864644383176,-0.952699978765761,-0.405453314114405
0.92,-3.97392116461928,-3.3678037511791,-2.9465801738839,-2.57224317317348,-2.21210336218154,-1.86999303397249,-1.54282299696804,-1.12913071817267,-0.567200119204799
0.960000000000001,-4.15715017231405,-3.5471710520137,-3.12478014482865,-2.75479441270919,-2.39176789874629,-2.0542511223977,-1.72132183718508,-1.30602570197116,-0.745107310248087
1,-4.34153286332469,-3.73042294849957,-3.30878529318211,-2.9361489580897,-2.57286765616002,-2.22780346595122,-1.89389209345451,-1.48050064367628,-0.918785539717978
1.04,-4.5281064458748,-3.91434475221262,-3.49432072909964,-3.11634757303773,-2.75137246991582,-2.40527822283597,-2.07357805960927,-1.65422474579814,-1.08333296215665
1.08,-4.71819080203449,-4.09741798316567,-3.67581822953404,-3.29454356881451,-2.92647678680124,-2.58562563065299,-2.25121792081624,-1.82888555094267,-1.25836028932108
1.12,-4.89638166937682,-4.2829833399374,-3.85679595022485,-3.47890982452162,-3.10700650586585,-2.76050381062783,-2.42391084846875,-1.99666435544465,-1.43134816723267
1.16,-5.08424964432033,-4.46093187708905,-4.03845069785498,-3.6516832959877,-3.28146731111481,-2.93509227338491,-2.60207920871016,-2.17213456443145,-1.61528443816734
1.2,-5.26669130131387,-4.63408605866894,-4.21235752466752,-3.82966345424683,-3.46023626945554,-3.11181411337216,-2.77462289788674,-2.34726905111302,-1.79071338409994
1.24,-5.44838605453949,-4.81685727888727,-4.39609632640925,-4.01146378561431,-3.63545498674791,-3.29277791143762,-2.94540731897238,-2.51441334664337,-1.95888978682939
1.28,-5.6309924015374,-4.99898139733977,-4.57396652516591,-4.19420322595399,-3.81532020911418,-3.46927153699133,-3.11946463441337,-2.6883071102214,-2.13032314518782
1.32,-5.82066920069222,-5.17488299607207,-4.75885927345245,-4.37640723591923,-3.99446291699369,-3.64872689693171,-3.29388717032244,-2.86527027120519,-2.29486250165102
1.36,-6.00586806275119,-5.35177754224598,-4.94024542231981,-4.55458081887965,-4.1729289519303,-3.82515787681204,-3.47594101037286,-3.04619509445335,-2.46753816954169
1.4,-6.19051278650826,-5.52920502221861,-5.11924759964518,-4.73084173978371,-4.34765592750827,-4.00011573749397,-3.65017648571438,-3.22138557531721,-2.6354052632447
1.44,-6.37089126522402,-5.70726900193377,-5.3012033463539,-4.91033159229655,-4.52260315708688,-4.17197358158848,-3.82368433669237,-3.38739392708518,-2.80264308233922
1.48,-6.5573794188443,-5.89098817963678,-5.48132425544227,-5.09085182827367,-4.70010205517119,-4.34816064608516,-3.98997954421328,-3.5516858718016,-2.97390885715487
1.52,-6.74809477420206,-6.06661475376598,-5.6585513748288,-5.26604414621454,-4.87645710386812,-4.52330751921703,-4.16211830043686,-3.72187921144868,-3.14310186089174
1.56,-6.93085942532222,-6.25048074597507,-5.83527308163761,-5.44225310965481,-5.05067368412836,-4.70002169065176,-4.33448757220215,-3.8951275568969,-3.30969110079107
1.6,-7.12383483106585,-6.4366577589905,-6.0206097878234,-5.62377623122175,-5.22814187036954,-4.87660988756326,-4.50728663512795,-4.06566090599522,-3.47222445795071
1.64,-7.30838313224986,-6.62261557442066,-6.19991491823517,-5.80220544619019,-5.41053650091423,-5.05158330372057,-4.6850186553433,-4.23475382223764,-3.63918181334851
1.68,-7.4856725702161,-6.80428424589271,-6.37029193671111,-5.9763057430085,-5.58746880556263,-5.22499251475571,-4.85579361337721,-4.40151160045579,-3.81011014718873
1.72,-7.67013023464872,-6.98712781375707,-6.54910920010363,-6.15124104563268,-5.76314521488863,-5.39654841331239,-5.02416604632125,-4.56976782732424,-3.97369014883821
1.76,-7.8520919126044,-7.16057157193537,-6.72354372390868,-6.32417121601248,-5.93574253271851,-5.56785386635124,-5.18989226064847,-4.7365786036056,-4.13726782134643
1.8,-8.03163150015372,-7.33994994492124,-6.89614216671945,-6.49909656706729,-6.11391075638475,-5.73315828183919,-5.35760293394895,-4.90256101983226,-4.3091940998837
1.84,-8.20938655173637,-7.51864018021214,-7.07533386068149,-6.66875749901374,-6.28842893163875,-5.90536923635274,-5.52692816165808,-5.07432005776483,-4.48021985011716
1.88,-8.38695865824688,-7.69414699253124,-7.25425163304558,-6.8449896581893,-6.46018662582196,-6.07340037959673,-5.69350253084695,-5.23898172314749,-4.6503096150521
1.92,-8.57535997132064,-7.86844241155674,-7.43128915477162,-7.01817841905854,-6.6339161494591,-6.24517263503733,-5.86184161179093,-5.40338018622053,-4.81684250445229
1.96,-8.75368832635327,-8.04655512578337,-7.60940553513021,-7.19105839671239,-6.80772424140444,-6.41236225533394,-6.0305096450797,-5.56666141296021,-4.97500284560273
2,-8.94047725317784,-8.22334232909648,-7.78217262980144,-7.36249195234218,-6.97655359661302,-6.5826697386196,-6.19383157742127,-5.72860610366004,-5.13572665866343
2.04,-9.11786748831459,-8.39857618066172,-7.94998380932145,-7.53854701349114,-7.15039938880629,-6.75087988589033,-6.35970749593608,-5.89735235775412,-5.29759761912241
2.08,-9.29820275537046,-8.56880686656567,-8.13254730169925,-7.71027437320099,-7.32158145025301,-6.91917061102549,-6.52797473074248,-6.06482831983095,-5.46337888868897
2.12,-9.47614109230619,-8.74888582799749,-8.30328778003928,-7.88040427990759,-7.49683432040378,-7.08739923393063,-6.69687457694779,-6.22889965335071,-5.61952964947734
2.16,-9.6552480110757,-8.92403107424785,-8.47854721647905,-8.04904224546132,-7.66673891350435,-7.25932950274123,-6.86478040425761,-6.39502529014764,-5.77633917041313
2.2,-9.83344072706968,-9.10156406579475,-8.64939018211368,-8.21824902297371,-7.83626654132454,-7.42233951145846,-7.02420161103203,-6.5574764854832,-5.93190375431923
2.24,-10.011521856766,-9.28248386477713,-8.82460455036449,-8.38911929068954,-8.00723772677846,-7.5908689171737,-7.19060788673083,-6.71523133206697,-6.09309454215821
2.28,-10.1896273952509,-9.4592313963711,-8.9960817378868,-8.56172391722919,-8.17640879911662,-7.75563055831001,-7.35429039718862,-6.87541507126199,-6.25285253119133
2.32,-10.3662310898522,-9.62497781851252,-9.16735550585331,-8.73202756850388,-8.3473709077042,-7.92660020399601,-7.51984317859138,-7.0407199784176,-6.41169975105322
2.36,-10.5434800179048,-9.80239459424958,-9.33227399709843,-8.90448571922778,-8.50838933079755,-8.09644452874282,-7.67925444436714,-7.20407088569546,-6.57568643228795
2.4,-10.7139532285107,-9.97473732569899,-9.50339379415135,-9.07663740280642,-8.67240993773713,-8.26390430494746,-7.84881341186603,-7.36678442460635,-6.73169218320813
2.44,-10.8924781296367,-10.1453094961937,-9.67192880881752,-9.24882166237833,-8.8382845135662,-8.42555570627831,-8.01327868720073,-7.52558355285306,-6.89796352860016
2.48,-11.0630059691757,-10.310695123364,-9.84237565905893,-9.41480026108258,-9.00682626931165,-8.5917641216685,-8.17307327704222,-7.6870572378031,-7.04792489110744
2.52,-11.2358514385364,-10.4838593477473,-10.0086688919943,-9.58246377821569,-9.17405477789378,-8.75313885887343,-8.33453453198389,-7.84295681176142,-7.20675949625643
2.56,-11.4100887850285,-10.6611897830321,-10.174468396999,-9.7507049098678,-9.34203587554676,-8.9176776891316,-8.49368004273035,-8.00143654803104,-7.36619597466471
2.6,-11.5792513150557,-10.8322169485868,-10.3384992274319,-9.91568871792332,-9.50422017090816,-9.08276889175288,-8.65209719011282,-8.1657144845961,-7.52829551604835
2.64,-11.7543318059581,-10.99310772429,-10.4985603591416,-10.0800561124235,-9.67212635305936,-9.24649480488287,-8.81385555413044,-8.32367798663534,-7.67966130450915
2.68,-11.9236725518675,-11.1676381275356,-10.669185734543,-10.2474539988526,-9.83541792224302,-9.40987434969187,-8.97580916706753,-8.47872882333144,-7.8351643521608
2.72,-12.0899359607934,-11.3432589573474,-10.8362638173413,-10.4091349535967,-10.0000723695836,-9.56943208887733,-9.13285874557091,-8.6347101615997,-7.9831176532938
2.76,-12.267682912877,-11.5161903796553,-11.0033369238736,-10.5742114019853,-10.1644783781356,-9.72808226372556,-9.29065423199872,-8.78868520151243,-8.13597627410569
2.8,-12.4336146930118,-11.6888906565799,-11.167592977559,-10.7350424343979,-10.3255533121373,-9.88828809416532,-9.44882645674001,-8.9445335175653,-8.28635329443633
2.84,-12.6133358956091,-11.8614863288002,-11.3330089270048,-10.8946131652497,-10.488565501792,-10.0525554312921,-9.60569380057287,-9.09804652416692,-8.43544575310234
2.88,-12.7879934802042,-12.0333420551973,-11.4955886088499,-11.0545209046943,-10.6507294395711,-10.2121642417325,-9.7632411505707,-9.25252405591467,-8.5838306794301
2.92,-12.9631638579956,-12.2007253691921,-11.6619578344708,-11.2115923151195,-10.811602275788,-10.3675716973723,-9.92128061371706,-9.41554923428322,-8.73904251895085
2.96,-13.1290474882582,-12.3675421683162,-11.8285914673571,-11.3733209829689,-10.974147085962,-10.5282898254789,-10.0756241839352,-9.5695515364044,-8.8827994291939
3,-13.2937169626546,-12.5300591432366,-11.994188135241,-11.5367783232298,-11.1346613319539,-10.6829728757681,-10.2344136887913,-9.72039544215087,-9.03447696061312
3.04,-13.4570929692829,-12.6901699126475,-12.1589038650873,-11.6993347614421,-11.2978677897032,-10.8326792870906,-10.3870218804817,-9.86765690527026,-9.18591082955138
3.08,-13.6223819378946,-12.8545360551166,-12.3210182504641,-11.8642714181846,-11.4534627036654,-10.9894883684842,-10.5400530098694,-10.017847135903,-9.33671867326819
3.12,-13.7883432097831,-13.0167372177123,-12.4847967282101,-12.0250082607485,-11.6101036530414,-11.1473708044803,-10.6925078198214,-10.1682135385621,-9.48227265237835
3.16,-13.9505532029971,-13.1792247693149,-12.6456743954598,-12.179493404118,-11.75893654642,-11.3040452834901,-10.8476734199163,-10.3207608557758,-9.62624601365444
3.2,-14.1118692851034,-13.3440430756648,-12.8002813172576,-12.3367066708945,-11.9136052781607,-11.4619970208521,-11.0005328887076,-10.469058881806,-9.77062678008703
3.24,-14.2739060639663,-13.5056053243389,-12.9542030908647,-12.4950411432374,-12.0684099825415,-11.6166028340164,-11.1497637820888,-10.6191242568736,-9.91843838176358
3.28,-14.4365952969653,-13.6710616502472,-13.1128521374274,-12.6530344462996,-12.2240931397497,-11.7683070299631,-11.3004157497376,-10.7651342749477,-10.0670891877869
3.32,-14.5935113600814,-13.8277547363724,-13.2691399198049,-12.8100674519916,-12.3727460056222,-11.9182021698981,-11.4489322533803,-10.910302283317,-10.2066746104604
3.36,-14.7496040691934,-13.9818741222778,-13.4239452120896,-12.9612400184626,-12.5247837911198,-12.0716302022049,-11.599950716791,-11.0582286686743,-10.3519025957757
3.4,-14.9129041368948,-14.1436017730315,-13.5798168840033,-13.1159582353518,-12.6788042286292,-12.2205156040758,-11.7497046265664,-11.2092148436122,-10.5024981052208
3.44,-15.0743947024446,-14.3033786670379,-13.7372414873874,-13.2696317012524,-12.829735446481,-12.3701919570432,-11.8972598341107,-11.3533415130675,-10.6506619041735
3.48,-15.2291699726022,-14.4574296221697,-13.8929435796708,-13.4233159129485,-12.9811214616027,-12.5154349679173,-12.0468528033298,-11.4995189376844,-10.7884635711439
3.52,-15.3867944367752,-14.6180984435468,-14.0492653312947,-13.5744043731959,-13.1325496943835,-12.6647073310146,-12.1978205302814,-11.6431863078426,-10.9281330598243
3.56,-15.5391658836474,-14.7668405269027,-14.2019985449882,-13.7303870576972,-13.2834920870999,-12.8068419893025,-12.3496823993598,-11.7867616261106,-11.070986029373
3.6,-15.6933364400086,-14.9265598830604,-14.3530236674977,-13.8840475339625,-13.4310044031713,-12.9531268126267,-12.499503540285,-11.9290010616724,-11.2136655281575
3.64,-15.8512771437161,-15.0809565334449,-14.5012975238769,-14.0314863602377,-13.5796468637087,-13.1025004896335,-12.644294941448,-12.0716190945213,-11.3543981694138
3.68,-16.0034172931085,-15.2290093481318,-14.6573657801921,-14.1828777092614,-13.7297811638495,-13.2550513443873,-12.7909999782862,-12.2125568320164,-11.4896097308851
3.72,-16.1576947982898,-15.3811013161067,-14.8091272616113,-14.324106129067,-13.8797765214872,-13.3999316579032,-12.9346892400253,-12.3576288046924,-11.6265895857872
3.76,-16.308986124829,-15.5275172286342,-14.9650127590928,-14.4663615041773,-14.0251665200851,-13.5450825419142,-13.0748676583652,-12.4949053125279,-11.7667380438053
3.8,-16.4666534404011,-15.6809216881172,-15.1139902699069,-14.615489558127,-14.1745469707036,-13.6903440660326,-13.2143220308373,-12.6352485537371,-11.9105378988365
3.84,-16.6242357398668,-15.8338689303644,-15.26032838365,-14.7628261353103,-14.3249074866576,-13.8347927813284,-13.3516507483217,-12.7816262258217,-12.0493699503003
3.88,-16.7773622809704,-15.9834724861331,-15.4069394171822,-14.9079704803227,-14.4697765489409,-13.9780241284082,-13.4911542816285,-12.9262103754522,-12.1913764340318
3.92,-16.9334783061908,-16.1335947570917,-15.5541332320037,-15.0575198613866,-14.6109233614344,-14.1187126617146,-13.6293843161954,-13.0640559623747,-12.3284127273526
3.96,-17.0906216864202,-16.2837857679615,-15.7021560090432,-15.2039690680511,-14.753241165719,-14.2597585285626,-13.7673810087644,-13.2034144194339,-12.4612776881122
4,-17.2390360885024,-16.4292097589169,-15.8479397631806,-15.3507871208375,-14.8970571683828,-14.4001636104945,-13.9063338621835,-13.3433798007065,-12.5909253616358
4.04,-17.3845966101323,-16.5746779329033,-15.9971368340556,-15.4924297137311,-15.0375514541646,-14.5370338609526,-14.0421868706928,-13.482196212689,-12.7259226326391
4.08,-17.5327772044707,-16.7208386649197,-16.1358094590896,-15.6323931570396,-15.1753155886553,-14.6721822731248,-14.1784262144405,-13.6209290267381,-12.8563887075305
4.12,-17.6764713034842,-16.8632376858897,-16.2777253683831,-15.7698373563555,-15.3137728918387,-14.807915899252,-14.3098059830192,-13.7532321847799,-12.9966487510769
4.16,-17.8234767668077,-17.0063178098652,-16.4211596216503,-15.9078837385695,-15.4518378935223,-14.9479750903676,-14.445219050623,-13.8849864103243,-13.1266773342072
4.2,-17.9653601460017,-17.1498153356142,-16.561748619238,-16.0453717149375,-15.5924895937276,-15.0839791986268,-14.5837793320624,-14.0152836582827,-13.2537823491572
4.24,-18.1044042630977,-17.2890569221879,-16.7001160804826,-16.1799759098771,-15.7348193418694,-15.2199698522794,-14.7179422573113,-14.1505030632584,-13.3811257465183
4.28,-18.2433151841916,-17.4299172924018,-16.8375773386959,-16.3146056625921,-15.8714051965394,-15.3525383621799,-14.855354127186,-14.2878651746419,-13.5083142333805
4.32,-18.3835639910936,-17.5718430599558,-16.9766928955126,-16.45067989762,-16.0056225641747,-15.4875249504581,-14.9874926398845,-14.4202705790663,-13.6356791797418
4.36,-18.524015336082,-17.7076221599151,-17.1109933290014,-16.5849501209837,-16.1376435184604,-15.6143391148917,-15.1216990902273,-14.5514161509149,-13.7643910468938
4.4,-18.6598575390465,-17.844163435276,-17.2474533885019,-16.7250309146768,-16.2712011341181,-15.7402032331607,-15.2556433116461,-14.6815426446146,-13.8877269397296
4.44,-18.7989820762187,-17.9813284373429,-17.3800131076692,-16.858511017508,-16.4017847605794,-15.8658312163621,-15.3829534835506,-14.8175331213605,-14.0173007396834
4.48,-18.9310657005477,-18.115125570896,-17.5150153267669,-17.0003560123227,-16.531867356864,-15.9922175061319,-15.5089561889994,-14.945651563867,-14.1377747597819
4.52,-19.0603628697843,-18.251640008578,-17.6489466494779,-17.1326234179168,-16.6607039322693,-16.1279465636988,-15.6322709964361,-15.074780224862,-14.2630994797709
4.56,-19.193725686896,-18.3873490318121,-17.7819336679024,-17.261066185254,-16.7877772767466,-16.253864324254,-15.7594029972102,-15.200922008055,-14.3861708686762
4.6,-19.3336487934522,-18.5196888894485,-17.9125518450798,-17.3846112705301,-16.9163087458949,-16.3864632571508,-15.8823978292993,-15.3195240895938,-14.5078731453993
4.64,-19.4634560661849,-18.6537062028841,-18.0418366993182,-17.5082868351296,-17.0470384192173,-16.515461819301,-16.0050050358616,-15.4440779668796,-14.6339847476386
4.68,-19.5939114504892,-18.7776987164273,-18.1722385950589,-17.6371842378791,-17.172225439104,-16.6451701994359,-16.1319990937207,-15.5686963643745,-14.7491401305833
4.72,-19.7192549474028,-18.9049995522804,-18.2938695514993,-17.7592037480844,-17.2995515022759,-16.7705626394664,-16.2536354030248,-15.6991668697687,-14.8708714246111
4.76,-19.8463797269803,-19.0333191807413,-18.4211779511771,-17.8824968179411,-17.4282907626762,-16.8869062132858,-16.3738196410341,-15.8199050194526,-14.990637161308
4.8,-19.9696048821964,-19.157297440204,-18.5516427768645,-18.0085191993637,-17.5490926540668,-17.0116402960871,-16.494022029666,-15.9398178124042,-15.1135698889163
4.84,-20.1027301572058,-19.2824261395953,-18.6754605969115,-18.131781452702,-17.6683391850525,-17.1349874997668,-16.6151985364237,-16.0629029821254,-15.2321852617751
4.88,-20.2334116462928,-19.4049764312724,-18.7959383730989,-18.2538844799202,-17.7898405652922,-17.257577069044,-16.7383321729442,-16.1823652009565,-15.3543701374349
4.92,-20.3626574579055,-19.5270545117087,-18.9162010772232,-18.3744007543593,-17.9126378683434,-17.3786923293371,-16.8517054374261,-16.2997450282437,-15.4758547110598
4.96,-20.4884976894301,-19.648221937511,-19.0433335124184,-18.4913612274975,-18.0317050006105,-17.4942691735919,-16.9665102433465,-16.4144145643267,-15.5951981391221
5,-20.6213038346315,-19.7638265947159,-19.1678615564472,-18.6130347125876,-18.1524258256494,-17.606654883614,-17.0844290384008,-16.5322514619763,-15.7096031939442
5.04,-20.7440386193344,-19.881518281496,-19.2853039403075,-18.7348844096003,-18.2640797404399,-17.7242538268218,-17.2018823313145,-16.6476829913296,-15.8172706540331
5.08,-20.8645744253483,-20.0003799417802,-19.4068129408944,-18.8490910388128,-18.3780103389869,-17.8385816495755,-17.3196987918409,-16.7595921382992,-15.930815471955
5.12,-20.9805040350801,-20.1182041425709,-19.5230201901598,-18.9640886032474,-18.4978851328757,-17.9532938087112,-17.4319333012308,-16.8756461811395,-16.0385355463206
5.16,-21.0991326785882,-20.2357968097259,-19.6383365524277,-19.0797279013319,-18.6107991147665,-18.0688727810303,-17.5437550044544,-16.988054644524,-16.1514445854539
5.2,-21.2215177878642,-20.3539949342577,-19.7485115512308,-19.1943413080319,-18.7311478036716,-18.1847608789495,-17.6536861631257,-17.1026573618864,-16.2592273613892
5.24,-21.3400019950171,-20.4702278175432,-19.8624987095489,-19.3089217124027,-18.8450541704277,-18.2921743625189,-17.7650312495319,-17.2140066895532,-16.370327172978
5.28,-21.4580952195978,-20.5835100836508,-19.9717153822145,-19.4218544868096,-18.9592889181915,-18.4094485087366,-17.8744178537037,-17.3200617483281,-16.4786535421208
5.32,-21.5653079559867,-20.7007219680904,-20.0855007489345,-19.5332943752116,-19.0681225375726,-18.5181491317398,-17.9833057079997,-17.4322552842542,-16.5925248930851
5.36,-21.6843471350067,-20.8132733662914,-20.1911443715132,-19.6428444276315,-19.1743261226625,-18.6287033209916,-18.0916896558932,-17.5352770889508,-16.6973641585906
5.4,-21.8019938688824,-20.9181805331787,-20.3039157171894,-19.7522549748265,-19.2789876616228,-18.7361871460543,-18.2003871957213,-17.6463023730474,-16.8022590040307
5.44,-21.9079741961167,-21.0262785322015,-20.4151835189255,-19.8619665857251,-19.3831770543068,-18.8478525212286,-18.3061077065729,-17.7568885113753,-16.9115824432853
5.48,-22.009680345194,-21.1350927550797,-20.5190308885583,-19.9681954770986,-19.4865686360817,-18.9575736623044,-18.4126425397816,-17.8607413756455,-17.0202222155734
5.52,-22.1234271803382,-21.2338759526016,-20.621693372583,-20.0739183698155,-19.5943838385329,-19.0651129021341,-18.5190666761112,-17.9640010323155,-17.1217708069867
5.56,-22.2265528920325,-21.3381902718081,-20.7234634085332,-20.1752978587595,-19.6979863756371,-19.1718663802817,-18.6169969662626,-18.0722240449136,-17.2235795039064
5.6,-22.3307758638174,-21.4371585551707,-20.8265944247802,-20.2788685750287,-19.7981903826474,-19.2764100245143,-18.7114896545036,-18.1791219935978,-17.3315912284424
5.64,-22.4255462474441,-21.5428055984261,-20.9275417566464,-20.3788837839625,-19.8994261923451,-19.3764120883476,-18.8156829530682,-18.2804903207833,-17.4462117724391
5.68,-22.5322410895972,-21.6509875287639,-21.0253188155617,-20.4831995762387,-19.9989877926531,-19.4760292086747,-18.9127047933767,-18.3788011040491,-17.5352879923546
5.72,-22.6271421760742,-21.7536579438106,-21.121784250027,-20.5822212071408,-20.0977536552718,-19.577814893613,-19.013704793183,-18.4768210482979,-17.641842588723
5.76,-22.7265079993408,-21.8471489634241,-21.2231199000007,-20.6794748899766,-20.1937674821299,-19.6792747757151,-19.1120762009005,-18.575036240754,-17.7431117956867
5.8,-22.8197556520443,-21.9435266218347,-21.3213196355906,-20.7807337914234,-20.2910634916527,-19.7775942939029,-19.2038888684583,-18.6712521158932,-17.8444433428841
5.84,-22.9211019951666,-22.0423855876268,-21.4159029869243,-20.8750475487318,-20.3853092686118,-19.8715187556185,-19.297366489183,-18.7650373113822,-17.9445369787896
5.88,-23.016590428624,-22.1436532274344,-21.5037716954455,-20.9696660922972,-20.4831144498106,-19.9686544838651,-19.3949482490051,-18.8532054327469,-18.0445711308429
5.92,-23.1091152656984,-22.2352326549659,-21.5970433314771,-21.0663953318622,-20.5744648749837,-20.059773126613,-19.4949984015077,-18.942223453173,-18.1346533920592
5.96,-23.2091209179242,-22.328285213407,-21.6891506245599,-21.1610874681689,-20.6662818478708,-20.1522831811701,-19.5877809197889,-19.0307937871145,-18.2368099670963
6,-23.2993214100848,-22.417838607786,-21.7837085176996,-21.2533932395375,-20.7516985833064,-20.2421375871008,-19.6795717709584,-19.1228516742176,-18.3230312264133
6.04,-23.3867940122541,-22.5062982972203,-21.8735387154759,-21.3387254748538,-20.839963687414,-20.3285180883385,-19.77258529272,-19.2222034845787,-18.4123209079461
6.08,-23.4882640546493,-22.5914008180229,-21.9628577423499,-21.4240251056262,-20.9334587366996,-20.4200133695529,-19.8669080476982,-19.3107361062811,-18.5007429030012
6.12,-23.5746896112262,-22.6791334890564,-22.0520728679113,-21.5187331758676,-21.0152386726851,-20.5071380911184,-19.9530682724155,-19.3996228899352,-18.5870527967765
6.16,-23.6579869311047,-22.7653168770811,-22.1337851718385,-21.6039800676401,-21.1016026848168,-20.5899488959397,-20.0486264398699,-19.478928889789,-18.6744737159073
6.2,-23.7386879363584,-22.8559460221896,-22.2245692708006,-21.6874015604965,-21.1899593292844,-20.6802956533813,-20.1348056122536,-19.5621543915503,-18.7626681259983
6.24,-23.8163870462872,-22.9458061838143,-22.3086349477716,-21.7735579971667,-21.2784960142903,-20.7654949279047,-20.2229700278767,-19.6426777633962,-18.8479271114042
6.28,-23.8934074012039,-23.0254495537114,-22.3900796590071,-21.8597244900569,-21.354905469603,-20.8408807437303,-20.3035771932338,-19.731875630856,-18.9276092208712
6.32,-23.9720630916436,-23.1107099223349,-22.4740790129379,-21.9387173849313,-21.4308431262612,-20.9185139537503,-20.3902370251211,-19.8181169528861,-19.0105297514136
6.36,-24.0480105972266,-23.1923042307552,-22.5551353687091,-22.0208218687841,-21.5088278960896,-20.9949249631454,-20.4710047909149,-19.9021414108953,-19.0783738530356
6.4,-24.1258425688802,-23.2719497465921,-22.6356583527699,-22.0934701372741,-21.5779289818115,-21.0697718930348,-20.5525183648008,-19.9811735412567,-19.1556635274444
6.44,-24.2050020100256,-23.3532240706063,-22.7125904517745,-22.1686984760348,-21.6523379565539,-21.1475328805754,-20.6317773048179,-20.0544823866049,-19.2329338733951
6.48,-24.2739571600226,-23.4312766343258,-22.7867646759043,-22.2424664143934,-21.734452024127,-21.2313231234442,-20.7135938151182,-20.1231811197367,-19.3186026576606
6.52,-24.3478445299288,-23.5113691657913,-22.857055043677,-22.321991375629,-21.8050356150013,-21.3058035087051,-20.7917189841558,-20.2028139359225,-19.3907909222393
6.56,-24.4201359476086,-23.5820342847834,-22.9289893652395,-22.3994953294681,-21.8768275385478,-21.3693687461116,-20.8685824355558,-20.2732548007041,-19.4748882095429
6.6,-24.4991049180491,-23.6578192766166,-22.9959341225484,-22.4719827779207,-21.9492891101099,-21.4438235936622,-20.9384378718494,-20.3468730428694,-19.5488847239205
6.64,-24.5757451971649,-23.7269176513213,-23.0722493584342,-22.5441153295096,-22.0253627988726,-21.5143987795618,-21.0037985577634,-20.4180831471626,-19.6200141574772
6.68,-24.6463731035544,-23.797131163313,-23.1396096569892,-22.6086798120205,-22.0925599692179,-21.5868539876834,-21.074310326622,-20.4850386799416,-19.6856785301005
6.72,-24.7147207559358,-23.8634393133654,-23.208112464606,-22.678020663931,-22.1594435271555,-21.6591133978826,-21.1485788430959,-20.5584049037809,-19.747689525314
6.76,-24.7828430923948,-23.9238363579496,-23.2736549085532,-22.7362327828854,-22.2342140622518,-21.7188958793809,-21.2259563327277,-20.6149618650751,-19.8131801778996
6.8,-24.8431233183933,-23.9832978352348,-23.3371374520788,-22.8000883626926,-22.2957083459625,-21.7915855947664,-21.2977388534978,-20.6803794297021,-19.8792223611585
6.84,-24.9061203952931,-24.050569591895,-23.402560204799,-22.8606503212788,-22.3534585552161,-21.8529361870313,-21.3702035461193,-20.7437907821258,-19.9420373862418
6.88,-24.9712517915545,-24.1074392588057,-23.4608975583212,-22.9233508654302,-22.4159690096056,-21.9149063089102,-21.4368800340083,-20.8104519400099,-20.0115490429394
6.92,-25.0384528644823,-24.1726499790319,-23.5223157712288,-22.9845419531222,-22.482217039329,-21.9759033711433,-21.5042623615599,-20.8750377521222,-20.0782228038121
6.96,-25.0939304279474,-24.2313233436602,-23.5757840280761,-23.0484172114963,-22.548540501999,-22.0359571831149,-21.5541652105581,-20.9294513620271,-20.1389748376287
7,-25.1652872589779,-24.2868805013515,-23.6288691888256,-23.1037393308879,-22.6098723800308,-22.0938204721696,-21.6088856384228,-20.9847891573832,-20.2021731640856
7.04,-25.2322293886003,-24.3422665732754,-23.6808761385466,-23.1569146027465,-22.6680022795228,-22.1512683699979,-21.6683148413444,-21.0454328731065,-20.2648889099984
7.08,-25.2925538601843,-24.3946312507011,-23.7316397455629,-23.2130994243661,-22.7151209224268,-22.2097170177733,-21.720135834596,-21.0984520931239,-20.3182118135913
7.12,-25.3511431491018,-24.4446093238449,-23.7827989309346,-23.2706855320942,-22.7768547510186,-22.2634312483887,-21.7787974898886,-21.1506451549981,-20.371241991941
7.16,-25.4057472404097,-24.5011237172174,-23.8349696589176,-23.3238914309701,-22.8329864144626,-22.3143973209179,-21.8394550438471,-21.2036354814131,-20.4230044819464
7.2,-25.4552006391112,-24.5479328284507,-23.8777248831534,-23.3736382220824,-22.876489358263,-22.3631596466542,-21.8913526228707,-21.2518193333028,-20.4805731653193
7.24,-25.5004648101827,-24.6051127752527,-23.9222570923454,-23.4248387883466,-22.9418806221311,-22.4089470381533,-21.9424138890062,-21.3119094968596,-20.5483107054914
7.28,-25.5519444398794,-24.6504687879865,-23.9770369071863,-23.4803405123677,-22.9969704368998,-22.4556164582748,-21.9851012144869,-21.3588922593597,-20.589963987951
7.32,-25.5928277131711,-24.6907087244926,-24.024565671497,-23.5273308059076,-23.035767474655,-22.5108326020502,-22.0268794379926,-21.4030411548784,-20.6465330929184
7.36,-25.6479204976645,-24.7345169014045,-24.0738597917919,-23.5769814874945,-23.0816114026724,-22.5580007633167,-22.0745205865222,-21.4552104593752,-20.6820794900086
7.4,-25.6811249869505,-24.7854911245464,-24.1263975880429,-23.6239196820209,-23.1164396643348,-22.6062179644176,-22.1168522897248,-21.4991543532586,-20.7270452126852
7.44,-25.7220846489863,-24.8279724620916,-24.1610973376277,-23.6627762815843,-23.1528538293857,-22.6488224283887,-22.1686202890728,-21.5454549887534,-20.7610359082059
7.48,-25.7767185268277,-24.8722865850539,-24.2066794462081,-23.7003546629245,-23.1915412492103,-22.6957378018796,-22.2061635135615,-21.5877921952567,-20.8037139969468
7.52,-25.8095750911737,-24.9066517386612,-24.2516523361927,-23.7427601029382,-23.2239526735711,-22.7317571857686,-22.2516396421496,-21.6174108490065,-20.8394697124731
7.56,-25.8385879667882,-24.960070108338,-24.2913902944867,-23.7876890254887,-23.2565224554992,-22.7710417402824,-22.291558147318,-21.6514681766886,-20.8732612115364
7.6,-25.8835291660724,-24.9988705589782,-24.3207468637232,-23.8234687827894,-23.3036741666813,-22.8065223454189,-22.3285062973853,-21.6833422621282,-20.9058730698435
7.64,-25.918563045415,-25.0330143444649,-24.3573112280106,-23.8605585186567,-23.3456039441736,-22.8500408086394,-22.3562691511738,-21.7231158594195,-20.9371907883954
7.68,-25.9590664763696,-25.0709408005348,-24.3937956350115,-23.8935245693611,-23.3782764030105,-22.8792678598417,-22.3842347283683,-21.7556428888107,-20.9768629752101
7.72,-25.9864558650723,-25.1039873415386,-24.4286259612159,-23.9263690161188,-23.408451800821,-22.9103635605691,-22.4111286867086,-21.7893619105864,-21.0028074159286
7.76,-26.0319095902149,-25.133358298394,-24.4583975851309,-23.9570763281574,-23.4381578538785,-22.9456007559018,-22.4349609640812,-21.8305812364069,-21.0336391967069
7.8,-26.0395126045226,-25.1587109835447,-24.4916221865214,-23.9859047959267,-23.4705531425315,-22.9751625255869,-22.4566541882037,-21.8496919911596,-21.0413578782014
7.84,-26.0749000517508,-25.1887788605517,-24.5243991298456,-24.0208867142656,-23.4993870045514,-22.9994292665262,-22.4756646396052,-21.872667313242,-21.0502297465324
7.88,-26.0984129475674,-25.2107249130162,-24.5475443006835,-24.0425117426338,-23.5270419669346,-23.0269872284928,-22.5002923122709,-21.8936050920769,-21.0722020964491
7.92,-26.1351945282313,-25.2281748295544,-24.5730584896876,-24.0713245534531,-23.5454007921756,-23.0520519577429,-22.5227132193182,-21.9199369326733,-21.08861888813
7.96,-26.1683264261012,-25.2497751745486,-24.5975687951875,-24.0969012773513,-23.5770186123987,-23.0819801894559,-22.544491444016,-21.9409914646112,-21.1072241090838
8,-26.1788607149595,-25.2720457766029,-24.6365010485651,-24.1098512872142,-23.6090766613562,-23.1029991781274,-22.5609350843792,-21.9566593980554,-21.1159592154093
8.04,-26.2100396277358,-25.2977978055436,-24.6634443545524,-24.1261453735937,-23.6398886599408,-23.1171837026553,-22.5776400092073,-21.9665113508269,-21.1317723718355
8.08,-26.2254716788383,-25.31151788154,-24.6818881056753,-24.1394581569267,-23.6550171127501,-23.1306777665663,-22.5920829424691,-21.9797523634594,-21.1331469505901
8.12,-26.2439759826073,-25.3302389360594,-24.708077403713,-24.1595422244744,-23.6631947721931,-23.1446584631755,-22.6156328248749,-21.9904628218006,-21.1494263774867
8.16,-26.2641806075223,-25.3601276730764,-24.7315740342853,-24.1739045829449,-23.6805795959315,-23.1514158245837,-22.6189823772662,-21.9917747420903,-21.1525035170369
8.2,-26.2831170518693,-25.368677827043,-24.7340988659918,-24.1914693215077,-23.6969120969727,-23.1682973545115,-22.6247968884112,-21.9939135671907,-21.1520058077738
8.24,-26.2971815692461,-25.3841074627175,-24.7402126743418,-24.2059334429359,-23.7057726913321,-23.1908469376611,-22.6211178978173,-22.0004077119833,-21.1436151580356
8.28,-26.3272846034357,-25.3889664447615,-24.7537843360009,-24.223221575958,-23.7183000337568,-23.2008711961903,-22.6377105671903,-22.0084589280892,-21.1396141465071
8.32,-26.3363351424524,-25.386120129386,-24.7638068666684,-24.2233893597871,-23.7348867844407,-23.2076217985654,-22.6293714912308,-22.0094198784006,-21.1344313651001
8.36,-26.3596052161414,-25.3969727380243,-24.776950511724,-24.2291145287837,-23.7395370282012,-23.2075701935538,-22.6433078362147,-22.0167118876714,-21.128900397619
8.4,-26.3627621006154,-25.4125636148552,-24.7894543395937,-24.2326264411372,-23.7367791338282,-23.2106738328003,-22.643189790915,-22.0066291958766,-21.1015824303085
8.44,-26.370577592818,-25.4253992242694,-24.7958346390777,-24.2452895853344,-23.7378125616279,-23.2077557534257,-22.6433824798474,-21.9944911747698,-21.0912579354887
8.48,-26.3768453820066,-25.4368810212295,-24.8042017344365,-24.2524880797759,-23.743859412236,-23.2087342967633,-22.6235183605476,-21.987188234106,-21.0860823996742
8.52,-26.3826563717673,-25.4498532757871,-24.8126309155443,-24.2571297991131,-23.7458703732877,-23.2042052713518,-22.6239809002571,-21.9777689302287,-21.0555909545599
8.56,-26.3818162132577,-25.4593603186877,-24.8173009860976,-24.2557627450337,-23.7425413935435,-23.1919889876573,-22.6145037903166,-21.9579716769538,-21.0217069257764
8.6,-26.3832919231574,-25.4622515202121,-24.8216474543002,-24.2553699787141,-23.7373036059206,-23.1927796893007,-22.6073448263543,-21.9418601740834,-21.0074105123354
8.64,-26.3849439574045,-25.4697406330202,-24.8173820355951,-24.2504063441038,-23.7274350197033,-23.1859887704838,-22.5794516982778,-21.9277081831373,-20.9736086135382
8.68,-26.4031299875206,-25.4708465463463,-24.8117808886254,-24.2470625623893,-23.7101711097461,-23.1773808982872,-22.5684689767237,-21.9056448495875,-20.9361125020958
8.72,-26.4163848834992,-25.471990927805,-24.8160213798087,-24.2467947071939,-23.7003537519229,-23.1705388851454,-22.5613232086727,-21.8897227039067,-20.8965675015091
8.76,-26.4255365825495,-25.4745253715005,-24.8078167189136,-24.2348445256135,-23.6930729959344,-23.1531802633376,-22.5498349058749,-21.8639655411289,-20.872674590126
8.8,-26.4244442968097,-25.4715603007147,-24.8018741876622,-24.2246064934611,-23.6797168197021,-23.1273477581528,-22.5260012604347,-21.8284660782407,-20.851152221657
8.84,-26.4377420964967,-25.4640874601199,-24.7978702995368,-24.2277863115918,-23.6583945067563,-23.1076743122287,-22.4972587989919,-21.8012817117268,-20.8009734098107
8.88,-26.4387279237175,-25.4545040503174,-24.7887437575625,-24.2124861093825,-23.6389406344059,-23.083338358615,-22.4778601460358,-21.7811234583312,-20.7571306660328
8.92,-26.4382703804517,-25.4530041770667,-24.7822990006633,-24.2036746181671,-23.6248998190252,-23.0650844320533,-22.4482385410051,-21.7617217028481,-20.7129509677901
8.96,-26.4256542398251,-25.4454903983878,-24.7566780770512,-24.1893528991043,-23.6081575607494,-23.0408979960206,-22.4299226287977,-21.72485046495,-20.6766625925372
9,-26.4195367938112,-25.4380196191335,-24.7433154344791,-24.1772087103891,-23.5914603139751,-23.0057772313225,-22.4002978447705,-21.6924032194326,-20.6316036918559
9.04,-26.4110995667457,-25.4263908493033,-24.7264871770932,-24.1598281438137,-23.5711064180818,-22.9771146112481,-22.3776289312385,-21.6612759178338,-20.5801165368143
9.08,-26.4097425344409,-25.4216501390323,-24.6992043191437,-24.1249027252711,-23.54150993938,-22.9404219656657,-22.3467430245608,-21.632659818148,-20.5443927089048
9.12,-26.4253481940036,-25.4112700035587,-24.6898297858284,-24.1004334095221,-23.5093092681549,-22.9021752394595,-22.3112271605543,-21.5866273424297,-20.4761239756155
9.16,-26.42673785168,-25.3924144615283,-24.663563846859,-24.0650183269623,-23.4805190736438,-22.8647948666497,-22.2672526844947,-21.5469125370359,-20.44683616738
9.2,-26.4306991917591,-25.3879992926796,-24.655396690374,-24.045634313973,-23.4487709714795,-22.8315498147465,-22.2314435147702,-21.4996006476431,-20.3717369784366
9.24,-26.4131796633603,-25.3592398329459,-24.643852651448,-24.011783062904,-23.4107310892039,-22.7930876041787,-22.1899606040645,-21.4487636124146,-20.3329431155688
9.28,-26.4118178700258,-25.3390092301289,-24.6174752111669,-23.9766990456692,-23.3706901946481,-22.7532648031837,-22.1361117240023,-21.3867028239471,-20.2705154505695
9.32,-26.4036567625854,-25.3230577845571,-24.5922985879265,-23.9486547594403,-23.3293852448529,-22.7121455495141,-22.0835317104777,-21.3252530809706,-20.2061739143517
9.36,-26.4115375410227,-25.3016709311103,-24.5800397140617,-23.9110162899309,-23.2935909250526,-22.6740382347099,-22.0166078162145,-21.2678970513428,-20.122469260283
9.4,-26.3990836238713,-25.2786598021418,-24.5485064657792,-23.8816509880515,-23.254096566109,-22.6326631041878,-21.9631158548385,-21.202574527542,-20.0454440115153
9.44,-26.3745590566704,-25.2585622527228,-24.5206592424322,-23.8400016014142,-23.207644781627,-22.590380712319,-21.9110521801209,-21.1216173120643,-19.9794662531278
9.48,-26.3843279397324,-25.2363329500224,-24.4898285577656,-23.8084417626338,-23.1579514988195,-22.5384225431345,-21.8503964528074,-21.0621246980953,-19.8995107223005
9.52,-26.3545196078143,-25.2070963598271,-24.4560796457194,-23.7753810909791,-23.1172060383496,-22.4857207942477,-21.8011491118317,-21.0115937836069,-19.8330091304345
9.56,-26.3318882515327,-25.1846608760129,-24.4182971391359,-23.7258194879357,-23.076794869522,-22.4273257661505,-21.7243753363618,-20.9379330938573,-19.7584694451805
9.6,-26.3095136504749,-25.1539480442727,-24.3795656352843,-23.6839036737843,-23.0235986741335,-22.3628526355702,-21.6530527601065,-20.8533923770601,-19.6786492968037
9.64,-26.2998166183146,-25.1271757880663,-24.3376225549331,-23.6539579694771,-22.9676332914717,-22.2959702654824,-21.5856129341071,-20.7830181726468,-19.5929744553975
9.68,-26.2813246781305,-25.1021439201304,-24.3046056879284,-23.612141723119,-22.9323346718957,-22.2310313483472,-21.5271774714,-20.7111193665736,-19.515905221085
9.72,-26.2615345888156,-25.0788377252402,-24.2579818083051,-23.5610079942672,-22.8709652284697,-22.1770856998481,-21.4478724469986,-20.6359917346268,-19.4365992659911
9.76,-26.2438935725312,-25.0446932374041,-24.2170394340616,-23.5089401123513,-22.8069049369804,-22.1038837366665,-21.3711369552173,-20.549217050473,-19.3522134066759
9.8,-26.2113707250496,-25.0020873798566,-24.1838655230354,-23.4506923130136,-22.7444192479711,-22.0375059007432,-21.2856312316514,-20.455383554308,-19.2666931024028
9.84,-26.1880013967986,-24.9775690542986,-24.1377767627047,-23.4090145924773,-22.6866254810105,-21.9673629612441,-21.2012503426202,-20.364732428435,-19.175275273667
9.88,-26.1669592559597,-24.9307673558995,-24.0768933689756,-23.3472978223178,-22.6180071156308,-21.8939669912644,-21.1223665991214,-20.2802797895051,-19.064452825568
9.92,-26.1456158297226,-24.8934421088657,-24.0392934175582,-23.2930082983398,-22.5490201065665,-21.8137721892546,-21.0394744093933,-20.1882347142921,-18.9373663099568
9.96,-26.1128412572334,-24.8585261973816,-23.9924941864455,-23.2305408752499,-22.4858867541484,-21.7434464333704,-20.9474744306023,-20.0949114204746,-18.814900455604
10,-26.0616774482225,-24.8144307787628,-23.936587265933,-23.1631660169049,-22.4143908946399,-21.6598767538229,-20.8677008212097,-19.9995271828629,-18.6981639174651
10.04,-26.0275670010361,-24.7652412839938,-23.8762575153551,-23.0967969076997,-22.3393195620997,-21.5811782364532,-20.775614119073,-19.8987071091506,-18.6002389020203
10.08,-26.0051587642923,-24.7191328559887,-23.8211540413044,-23.0294747286597,-22.2684109613185,-21.502830853599,-20.6811141712261,-19.7976409523541,-18.4781442147307
10.12,-25.9818258751156,-24.6640129992709,-23.7782410126547,-22.9558469173683,-22.1961167415858,-21.4200409221622,-20.5801646024342,-19.6838399754051,-18.3624045852174
10.16,-25.9361383432503,-24.6138302549535,-23.7271947690161,-22.8818064795706,-22.097222646726,-21.3351659355805,-20.4795545132888,-19.5575313399495,-18.2402465107624
10.2,-25.9058032466279,-24.5797638126563,-23.6607178554835,-22.807310874338,-22.0090973738053,-21.2486999205902,-20.3811259761709,-19.4401451864214,-18.1167780034792
10.24,-25.8792599072372,-24.5308143467546,-23.6087445950995,-22.7331385253862,-21.921633833202,-21.1570666961036,-20.2817034288958,-19.3306707753751,-17.9918473233358
10.28,-25.8364504377699,-24.4881074356334,-23.5232421585141,-22.6528866013574,-21.8459843550257,-21.0599434134397,-20.1712026101583,-19.2105451528365,-17.8688029075992
10.32,-25.8025888903287,-24.4395113928573,-23.4545542338792,-22.5765463837892,-21.7513770881847,-20.9688381989576,-20.0530681630987,-19.0955690468191,-17.7499213621591
10.36,-25.7525757001821,-24.3852904097946,-23.388777097469,-22.5017078063822,-21.6811301172554,-20.8690393960565,-19.9353420674798,-18.9746643431355,-17.6169895939866
10.4,-25.7401234650466,-24.349294675039,-23.3354626527243,-22.4249772062896,-21.6088155388164,-20.7828812466061,-19.8145135384816,-18.8310773543022,-17.4854174117392
10.44,-25.6986533250904,-24.2997886312259,-23.2609251067301,-22.3400530997002,-21.5119551488286,-20.6758551188847,-19.6938461744579,-18.6931009347506,-17.3535644395422
10.48,-25.6626894007563,-24.2370329060846,-23.1837923138212,-22.2490606628412,-21.4073731589758,-20.5780553033432,-19.5808211184114,-18.5560444207399,-17.1891898086534
10.52,-25.6131451672044,-24.1921446935359,-23.1105272550395,-22.1613710118012,-21.3142915482341,-20.4640013931206,-19.4495003122523,-18.4120588206035,-17.0301465261957
10.56,-25.555137581726,-24.1331836143834,-23.0364364052131,-22.0775201641389,-21.2140048313634,-20.36084531542,-19.3234928115812,-18.2850439695632,-16.8752649586077
10.6,-25.5271383249114,-24.068850139871,-22.9375577347526,-21.9940245771152,-21.1009615738575,-20.2553184339004,-19.1965042221353,-18.1372969989275,-16.7208026408678
10.64,-25.4764241670913,-24.0004621258576,-22.8473506480759,-21.9031213185432,-20.9992313899362,-20.1337787319717,-19.0657791860441,-17.9925677218045,-16.5620760127588
10.68,-25.4244776250691,-23.9352806494057,-22.7662790767226,-21.8233781123697,-20.885917062992,-20.0122123656309,-18.9367789386528,-17.849191823875,-16.388485509651
10.72,-25.3739503287241,-23.8739530274583,-22.6842176582874,-21.729370385189,-20.7808413817254,-19.8860930653113,-18.8077186363073,-17.7081568799868,-16.2313075843247
10.76,-25.3280796858712,-23.7826151608692,-22.603513130678,-21.6276982802647,-20.6662948196909,-19.7504417926412,-18.6712933575279,-17.5539705423823,-16.0547462988482
10.8,-25.2897546002863,-23.6982893895794,-22.5193909682024,-21.5266797596431,-20.5558469759123,-19.6148320538817,-18.5333809127819,-17.3943241290856,-15.8820711722369
10.84,-25.2285678216116,-23.611816027377,-22.4403288531555,-21.4375376230301,-20.4448774814354,-19.4819267753711,-18.3851414791338,-17.2356281125519,-15.701556070482
10.88,-25.1715273898192,-23.5576610966309,-22.3531211311603,-21.3375470762559,-20.3245975322797,-19.3492001697785,-18.2483657740971,-17.0772129532667,-15.5274897274048
10.92,-25.1443620922995,-23.4849778340442,-22.2614335325205,-21.2331521059599,-20.2060152893715,-19.2068316855088,-18.1069172146112,-16.9105358891466,-15.324199292686
10.96,-25.1018405620857,-23.3963829519599,-22.182885895532,-21.1268162545658,-20.090695969538,-19.0788604510561,-17.9585881256006,-16.7446326632902,-15.1472375766336
11,-25.0424452653466,-23.3320587430117,-22.0863882580506,-21.0090748226652,-19.9629692651111,-18.9295232996428,-17.8229105676485,-16.5758484206411,-14.9517866112802
